competition_name,gender,country,season_end_year,squad,team_or_opponent,num_players,mins_per_90,tkl_tackles,tkl_w_tackles,def_3rd_tackles,mid_3rd_tackles,att_3rd_tackles,tkl_vs,att_vs,tkl_percent_vs,past_vs,press_pressures,succ_pressures,percent_pressures,def_3rd_pressures,mid_3rd_pressures,att_3rd_pressures,blocks_blocks,sh_blocks,sh_sv_blocks,pass_blocks,int,tkl_plus_int,clr,err
Premier League,M,ENG,2020,Arsenal,team,29,38,601,373,325,199,77,202,596,33.9,394,6127,1640,26.8,2245,2662,1220,614,153,2,461,244,845,978,14
Premier League,M,ENG,2020,Aston Villa,team,28,38,606,388,339,194,73,192,613,31.3,421,5837,1595,27.3,2133,2485,1219,725,213,4,512,254,860,983,29
Premier League,M,ENG,2020,Bournemouth,team,27,38,559,349,279,220,60,184,582,31.6,398,6790,1780,26.2,2224,2967,1599,703,176,3,527,288,847,1135,14
Premier League,M,ENG,2020,Brighton,team,25,38,663,409,339,237,87,214,644,33.2,430,5794,1743,30.1,2018,2419,1357,631,162,5,469,299,962,934,16
Premier League,M,ENG,2020,Burnley,team,22,38,583,340,264,239,80,204,612,33.3,408,5802,1482,25.5,1782,2535,1485,712,189,3,523,252,835,1234,5
Premier League,M,ENG,2020,Chelsea,team,27,38,739,449,351,296,92,217,626,34.7,409,6197,1916,30.9,1812,2841,1544,576,102,2,474,268,1007,930,9
Premier League,M,ENG,2020,Crystal Palace,team,25,38,733,430,393,264,76,260,678,38.3,418,6252,1698,27.2,2430,2645,1177,675,153,3,522,277,1010,999,13
Premier League,M,ENG,2020,Everton,team,24,38,739,423,369,267,103,245,736,33.3,491,6067,1659,27.3,2068,2639,1360,588,130,1,458,279,1018,1037,10
Premier League,M,ENG,2020,Leicester City,team,24,38,781,478,381,311,89,283,786,36,503,6392,1984,31,2112,2895,1385,601,107,2,494,309,1090,1013,13
Premier League,M,ENG,2020,Liverpool,team,24,38,606,375,225,258,123,212,607,34.9,395,5638,1813,32.2,1496,2346,1796,481,75,2,406,246,852,863,10
Premier League,M,ENG,2020,Manchester City,team,24,38,567,365,224,230,113,228,638,35.7,410,5003,1584,31.7,1187,2160,1656,444,74,3,370,227,794,655,19
Premier League,M,ENG,2020,Manchester Utd,team,29,38,618,359,292,245,81,207,626,33.1,419,5860,1650,28.2,1883,2616,1361,632,117,0,515,300,918,880,7
Premier League,M,ENG,2020,Newcastle Utd,team,28,38,672,393,413,198,61,225,622,36.2,397,5994,1524,25.4,2591,2401,1002,638,173,5,465,293,965,1133,11
Premier League,M,ENG,2020,Norwich City,team,30,38,716,434,419,219,78,253,776,32.6,523,6492,1779,27.4,2695,2609,1188,713,197,6,516,270,986,1039,16
Premier League,M,ENG,2020,Sheffield Utd,team,26,38,652,392,339,230,83,211,642,32.9,431,6367,1766,27.7,2135,2706,1526,618,125,2,493,260,912,1244,12
Premier League,M,ENG,2020,Southampton,team,25,38,790,483,373,310,107,290,857,33.8,567,6825,2107,30.9,2195,2917,1713,694,147,0,547,295,1085,1276,20
Premier League,M,ENG,2020,Tottenham,team,29,38,709,445,353,294,62,213,689,30.9,476,6209,1752,28.2,2286,2733,1190,660,168,2,492,259,968,1074,11
Premier League,M,ENG,2020,Watford,team,26,38,681,429,353,245,83,238,774,30.7,536,6755,1835,27.2,2324,2948,1483,624,155,5,469,311,992,1101,12
Premier League,M,ENG,2020,West Ham,team,29,38,720,470,400,253,67,230,763,30.1,533,6464,1795,27.8,2438,2785,1241,633,127,1,506,291,1011,929,11
Premier League,M,ENG,2020,Wolves,team,21,38,716,423,398,254,64,266,730,36.4,464,6251,1710,27.4,2387,2810,1054,608,128,1,480,263,979,972,13
Premier League,M,ENG,2020,vs Arsenal,opponent,29,38,706,400,337,268,101,255,710,35.9,455,6466,1703,26.3,1965,2821,1680,628,119,3,509,266,972,822,14
Premier League,M,ENG,2020,vs Aston Villa,opponent,28,38,607,351,277,228,102,179,583,30.7,404,5582,1558,27.9,1900,2286,1396,542,135,1,407,223,830,999,8
Premier League,M,ENG,2020,vs Bournemouth,opponent,27,38,687,411,333,254,100,249,644,38.7,395,5753,1820,31.6,1958,2307,1488,626,129,3,497,253,940,1081,12
Premier League,M,ENG,2020,vs Brighton,opponent,25,38,730,436,389,251,90,219,599,36.6,380,6525,1770,27.1,2096,2694,1735,644,137,1,507,316,1046,891,10
Premier League,M,ENG,2020,vs Burnley,opponent,22,38,534,333,258,219,57,179,472,37.9,293,4758,1449,30.5,1579,2210,969,512,103,4,409,186,720,1178,8
Premier League,M,ENG,2020,vs Chelsea,opponent,27,38,699,431,345,275,79,220,718,30.6,498,7596,1956,25.8,2661,3340,1595,712,194,4,518,280,979,1132,16
Premier League,M,ENG,2020,vs Crystal Palace,opponent,25,38,796,461,432,274,90,241,715,33.7,474,6248,1784,28.6,2149,2779,1320,583,116,2,467,285,1081,953,9
Premier League,M,ENG,2020,vs Everton,opponent,24,38,675,425,314,280,81,205,634,32.3,429,5525,1638,29.6,1774,2418,1333,684,145,2,539,267,942,1071,12
Premier League,M,ENG,2020,vs Leicester City,opponent,24,38,705,426,343,264,98,229,673,34,444,6705,1874,27.9,2301,2869,1535,676,158,1,518,294,999,945,18
Premier League,M,ENG,2020,vs Liverpool,opponent,24,38,661,420,419,204,38,234,716,32.7,482,6422,1743,27.1,2578,2641,1203,722,180,3,542,317,978,1284,21
Premier League,M,ENG,2020,vs Manchester City,opponent,24,38,643,410,401,191,51,247,812,30.4,565,7499,1611,21.5,3170,3141,1188,780,247,4,533,355,998,998,14
Premier League,M,ENG,2020,vs Manchester Utd,opponent,29,38,750,462,378,293,79,272,778,35,506,7203,1894,26.3,2506,3213,1484,708,147,2,561,355,1105,852,18
Premier League,M,ENG,2020,vs Newcastle Utd,opponent,28,38,605,382,269,237,99,198,655,30.2,457,5347,1590,29.7,1588,2305,1454,512,131,0,381,237,842,836,7
Premier League,M,ENG,2020,vs Norwich City,opponent,30,38,713,446,325,264,124,248,731,33.9,483,6667,1998,30,1884,2780,2003,589,142,3,447,284,997,767,10
Premier League,M,ENG,2020,vs Sheffield Utd,opponent,26,38,525,311,295,172,58,153,540,28.3,387,5458,1521,27.9,2195,2207,1056,599,101,3,498,214,739,1199,16
Premier League,M,ENG,2020,vs Southampton,opponent,25,38,680,424,384,226,70,249,738,33.7,489,6069,1843,30.4,2227,2659,1183,599,150,7,449,255,935,1258,21
Premier League,M,ENG,2020,vs Tottenham,opponent,29,38,763,468,339,327,97,293,803,36.5,510,6193,1837,29.7,2081,2798,1314,632,146,3,486,324,1087,966,12
Premier League,M,ENG,2020,vs Watford,opponent,26,38,643,393,333,222,88,233,614,37.9,381,5267,1638,31.1,1886,2250,1131,562,135,3,427,254,897,1222,20
Premier League,M,ENG,2020,vs West Ham,opponent,29,38,620,387,320,227,73,214,643,33.3,429,5643,1743,30.9,1882,2576,1185,653,120,2,533,255,875,995,7
Premier League,M,ENG,2020,vs Wolves,opponent,21,38,709,430,338,287,84,257,819,31.4,562,6190,1842,29.8,2061,2825,1304,607,136,1,471,265,974,960,12
Premier League,M,ENG,2019,Arsenal,team,28,38,600,393,302,227,71,200,580,34.5,380,6149,1641,26.7,1999,2852,1298,538,124,2,414,300,900,858,9
Premier League,M,ENG,2019,Bournemouth,team,28,38,492,303,271,170,51,139,457,30.4,318,6740,1545,22.9,2551,2948,1241,595,152,4,443,277,769,1065,6
Premier League,M,ENG,2019,Brighton,team,21,38,685,432,384,224,77,193,594,32.5,401,6874,1568,22.8,2735,2959,1180,653,192,3,461,312,997,1065,6
Premier League,M,ENG,2019,Burnley,team,23,38,590,342,302,232,56,210,579,36.3,369,6288,1478,23.5,2152,2751,1385,744,241,12,503,314,904,1149,15
Premier League,M,ENG,2019,Cardiff City,team,25,38,666,402,361,237,68,195,612,31.9,417,7121,1769,24.8,2640,3270,1211,707,154,5,553,383,1049,917,10
Premier League,M,ENG,2019,Chelsea,team,24,38,620,411,293,236,91,171,509,33.6,338,6254,1795,28.7,1950,2667,1637,499,83,5,416,290,910,589,5
Premier League,M,ENG,2019,Crystal Palace,team,26,38,758,457,415,264,79,242,629,38.5,387,7161,1735,24.2,3073,2935,1153,732,173,1,559,366,1124,1042,15
Premier League,M,ENG,2019,Everton,team,23,38,711,453,359,270,82,183,517,35.4,334,6597,1899,28.8,2277,2906,1414,595,104,1,491,369,1080,912,11
Premier League,M,ENG,2019,Fulham,team,28,38,605,400,334,220,51,189,524,36.1,335,6366,1641,25.8,2452,2700,1214,644,160,3,484,370,975,985,8
Premier League,M,ENG,2019,Huddersfield,team,31,38,745,434,359,299,87,230,709,32.4,479,7217,1897,26.3,2649,3201,1367,667,135,4,532,447,1192,759,6
Premier League,M,ENG,2019,Leicester City,team,25,38,714,445,384,255,75,160,540,29.6,380,6784,1889,27.8,2475,2986,1323,644,108,0,536,369,1083,931,7
Premier League,M,ENG,2019,Liverpool,team,23,38,603,388,262,246,95,174,564,30.9,390,6195,1812,29.2,1756,2743,1696,509,92,2,417,299,902,699,14
Premier League,M,ENG,2019,Manchester City,team,21,38,513,352,215,222,76,167,465,35.9,298,5487,1589,29,1362,2474,1651,440,78,2,362,287,800,653,6
Premier League,M,ENG,2019,Manchester Utd,team,28,38,581,359,299,215,67,179,528,33.9,349,6216,1619,26,2204,2739,1273,603,138,0,465,316,897,861,6
Premier League,M,ENG,2019,Newcastle Utd,team,24,38,716,422,375,271,70,229,667,34.3,438,7340,1774,24.2,2886,3310,1144,745,152,5,593,431,1147,1100,9
Premier League,M,ENG,2019,Southampton,team,30,38,725,451,371,269,85,235,679,34.6,444,7432,1940,26.1,2704,3166,1562,697,164,4,533,411,1136,1026,14
Premier League,M,ENG,2019,Tottenham,team,28,38,640,401,336,212,92,191,534,35.8,343,5919,1677,28.3,1979,2572,1368,580,124,4,456,277,917,780,8
Premier League,M,ENG,2019,Watford,team,25,38,676,426,370,235,71,211,626,33.7,415,6896,1875,27.2,2581,2976,1339,591,123,3,468,331,1007,915,11
Premier League,M,ENG,2019,West Ham,team,26,38,700,443,379,257,64,234,699,33.5,465,6747,1699,25.2,2680,2917,1150,640,145,2,495,386,1086,884,9
Premier League,M,ENG,2019,Wolves,team,21,38,694,407,380,258,56,209,642,32.6,433,6221,1631,26.2,2345,2944,932,660,151,2,509,360,1054,945,8
Premier League,M,ENG,2019,vs Arsenal,opponent,28,38,638,398,313,242,83,194,579,33.5,385,7524,1762,23.4,2458,3318,1748,718,150,4,568,413,1051,856,10
Premier League,M,ENG,2019,vs Bournemouth,opponent,28,38,645,399,330,234,81,194,546,35.5,352,5828,1663,28.5,1965,2377,1486,618,115,1,503,369,1014,794,7
Premier League,M,ENG,2019,vs Brighton,opponent,21,38,552,335,263,198,91,164,510,32.2,346,5396,1552,28.8,1821,2235,1340,526,105,4,421,312,864,832,6
Premier League,M,ENG,2019,vs Burnley,opponent,23,38,492,310,243,197,52,149,400,37.3,251,5178,1495,28.9,1721,2421,1036,516,100,2,416,214,706,1041,8
Premier League,M,ENG,2019,vs Cardiff City,opponent,25,38,572,351,315,209,48,164,498,32.9,334,4734,1508,31.9,1840,1952,942,514,129,6,385,257,829,973,7
Premier League,M,ENG,2019,vs Chelsea,opponent,24,38,724,470,396,248,80,197,659,29.9,462,8431,1762,20.9,3254,3438,1739,706,188,1,518,457,1181,859,3
Premier League,M,ENG,2019,vs Crystal Palace,opponent,26,38,777,465,395,292,90,236,756,31.2,520,6232,1698,27.2,2269,2687,1276,628,148,2,480,388,1165,882,9
Premier League,M,ENG,2019,vs Everton,opponent,23,38,717,448,343,299,75,219,598,36.6,379,6939,1991,28.7,2471,3086,1382,658,150,3,508,396,1113,1011,6
Premier League,M,ENG,2019,vs Fulham,opponent,28,38,700,447,309,290,101,200,624,32.1,424,7049,1866,26.5,2068,3488,1493,549,123,2,426,317,1017,696,6
Premier League,M,ENG,2019,vs Huddersfield,opponent,31,38,648,388,334,268,46,214,524,40.8,310,6145,1719,28,2130,2850,1165,647,126,2,521,353,1001,1029,14
Premier League,M,ENG,2019,vs Leicester City,opponent,25,38,626,386,304,245,77,178,595,29.9,417,6995,1805,25.8,2509,3070,1416,675,152,6,523,391,1017,859,11
Premier League,M,ENG,2019,vs Liverpool,opponent,23,38,683,411,408,218,57,203,640,31.7,437,7551,1820,24.1,2895,3345,1311,706,157,6,549,361,1044,1047,14
Premier League,M,ENG,2019,vs Manchester City,opponent,21,38,696,419,484,177,35,242,707,34.2,465,8274,1547,18.7,3988,3160,1126,686,203,6,483,373,1069,994,14
Premier League,M,ENG,2019,vs Manchester Utd,opponent,28,38,645,398,340,233,72,191,581,32.9,390,7453,1776,23.8,2600,3476,1377,611,130,3,481,348,993,828,11
Premier League,M,ENG,2019,vs Newcastle Utd,opponent,24,38,608,388,290,247,71,181,505,35.8,324,5614,1698,30.2,1841,2440,1333,613,129,2,484,273,881,960,8
Premier League,M,ENG,2019,vs Southampton,opponent,30,38,572,361,319,189,64,191,554,34.5,363,5741,1648,28.7,2191,2510,1040,611,142,2,469,313,885,927,9
Premier League,M,ENG,2019,vs Tottenham,opponent,28,38,685,454,354,248,83,234,669,35,435,7516,1867,24.8,2658,3302,1556,701,153,3,548,329,1014,949,10
Premier League,M,ENG,2019,vs Watford,opponent,25,38,693,443,358,244,91,208,549,37.9,341,6318,1773,28.1,2219,2858,1241,620,140,3,480,371,1064,990,11
Premier League,M,ENG,2019,vs West Ham,opponent,26,38,685,421,328,264,93,202,613,33,411,6310,1656,26.2,2199,2944,1167,620,129,2,491,328,1013,809,5
Premier League,M,ENG,2019,vs Wolves,opponent,21,38,676,429,325,277,74,180,547,32.9,367,6776,1867,27.6,2353,3059,1364,560,124,4,436,332,1008,799,14
Premier League,M,ENG,2018,Arsenal,team,30,38,580,356,291,204,85,171,509,33.6,338,4885,1526,31.2,1707,1993,1185,548,117,6,431,355,935,667,12
Premier League,M,ENG,2018,Bournemouth,team,22,38,471,273,262,142,67,165,492,33.5,327,5301,1330,25.1,1843,2385,1073,667,163,5,504,308,779,870,5
Premier League,M,ENG,2018,Brighton,team,24,38,573,369,362,174,37,174,586,29.7,412,5080,1301,25.6,2116,2127,837,663,190,7,473,345,918,863,18
Premier League,M,ENG,2018,Burnley,team,24,38,475,300,274,158,43,182,553,32.9,371,5801,1468,25.3,2225,2422,1154,729,208,6,521,381,856,860,4
Premier League,M,ENG,2018,Chelsea,team,26,38,620,378,327,228,65,214,530,40.4,316,5247,1581,30.1,2049,2179,1019,554,120,2,434,321,941,654,12
Premier League,M,ENG,2018,Crystal Palace,team,28,38,624,355,378,198,48,208,545,38.2,337,5245,1446,27.6,2113,2257,875,677,129,5,548,424,1048,828,18
Premier League,M,ENG,2018,Everton,team,30,38,621,368,359,188,74,203,572,35.5,369,5541,1470,26.5,2147,2228,1166,680,167,5,513,396,1017,856,11
Premier League,M,ENG,2018,Huddersfield,team,25,38,691,395,325,287,79,200,597,33.5,397,5269,1558,29.6,1873,2309,1087,678,131,6,547,450,1141,823,14
Premier League,M,ENG,2018,Leicester City,team,27,38,609,374,342,209,58,165,557,29.6,392,4873,1391,28.5,1977,1895,1001,674,142,4,532,365,974,760,6
Premier League,M,ENG,2018,Liverpool,team,27,38,575,372,268,214,93,169,494,34.2,325,5709,1829,32,1733,2555,1421,534,75,2,459,380,955,641,9
Premier League,M,ENG,2018,Manchester City,team,25,38,496,311,227,185,84,170,502,33.9,332,4162,1384,33.3,1196,1665,1301,474,61,3,413,324,820,402,4
Premier League,M,ENG,2018,Manchester Utd,team,27,38,496,330,257,164,75,155,517,30,362,5533,1456,26.3,2037,2354,1142,583,128,2,455,407,903,634,11
Premier League,M,ENG,2018,Newcastle Utd,team,27,38,603,351,336,204,63,180,560,32.1,380,5211,1316,25.3,2027,2187,997,734,136,6,598,394,997,918,7
Premier League,M,ENG,2018,Southampton,team,26,38,631,393,354,209,68,180,552,32.6,372,4795,1421,29.6,1907,1846,1042,664,149,3,515,412,1043,718,12
Premier League,M,ENG,2018,Stoke City,team,30,38,619,354,356,204,59,197,540,36.5,343,4881,1242,25.4,2020,2030,831,638,153,4,485,381,1000,888,18
Premier League,M,ENG,2018,Swansea City,team,26,38,567,354,299,197,71,170,492,34.6,322,5590,1494,26.7,2188,2295,1107,603,138,1,465,343,910,765,13
Premier League,M,ENG,2018,Tottenham,team,25,38,576,359,269,221,86,180,515,35,335,4980,1612,32.4,1509,2090,1381,533,89,2,444,347,923,597,8
Premier League,M,ENG,2018,Watford,team,29,38,596,358,316,219,61,190,540,35.2,350,5010,1454,29,1815,2174,1021,557,102,3,455,406,1002,741,11
Premier League,M,ENG,2018,West Brom,team,24,38,547,350,322,171,54,176,564,31.2,388,5327,1416,26.6,2177,2203,947,614,160,2,454,431,978,822,17
Premier League,M,ENG,2018,West Ham,team,27,38,563,347,322,177,64,180,546,33,366,5504,1492,27.1,2349,2175,980,633,156,3,477,422,985,715,13
Premier League,M,ENG,2018,vs Arsenal,opponent,30,38,512,306,271,170,71,148,521,28.4,373,5410,1338,24.7,2211,2122,1077,700,168,3,532,535,1047,827,10
Premier League,M,ENG,2018,vs Bournemouth,opponent,22,38,666,433,329,253,84,203,575,35.3,372,5496,1717,31.2,2013,2249,1234,674,153,3,521,412,1078,747,18
Premier League,M,ENG,2018,vs Brighton,opponent,24,38,445,277,224,154,67,142,419,33.9,277,4802,1469,30.6,1573,1958,1271,535,103,3,432,339,784,591,10
Premier League,M,ENG,2018,vs Burnley,opponent,24,38,441,269,252,149,40,117,368,31.8,251,3963,1232,31.1,1342,1784,837,545,100,1,445,288,729,762,12
Premier League,M,ENG,2018,vs Chelsea,opponent,26,38,598,385,308,215,75,198,617,32.1,419,5777,1478,25.6,2192,2217,1368,714,186,7,528,440,1038,750,17
Premier League,M,ENG,2018,vs Crystal Palace,opponent,28,38,655,396,346,217,92,205,620,33.1,415,5171,1511,29.2,2058,2143,970,609,156,7,453,346,1001,729,6
Premier League,M,ENG,2018,vs Everton,opponent,30,38,548,332,281,207,60,169,446,37.9,277,4663,1460,31.3,1639,1944,1080,577,103,3,474,322,870,736,6
Premier League,M,ENG,2018,vs Huddersfield,opponent,25,38,612,373,325,216,71,186,460,40.4,274,5026,1573,31.3,1799,2160,1067,613,111,1,502,347,959,761,8
Premier League,M,ENG,2018,vs Leicester City,opponent,27,38,586,350,318,192,76,213,600,35.5,387,4732,1370,29,1689,2014,1029,593,132,6,461,340,926,783,12
Premier League,M,ENG,2018,vs Liverpool,opponent,27,38,575,358,334,198,43,194,632,30.7,438,6274,1546,24.6,2715,2563,996,703,176,3,527,479,1054,892,18
Premier League,M,ENG,2018,vs Manchester City,opponent,25,38,568,353,386,140,42,170,558,30.5,388,6675,1385,20.7,2994,2556,1125,718,160,5,558,518,1086,655,15
Premier League,M,ENG,2018,vs Manchester Utd,opponent,27,38,659,400,381,212,66,208,642,32.4,434,5199,1305,25.1,1933,2327,939,683,171,6,512,458,1117,747,4
Premier League,M,ENG,2018,vs Newcastle Utd,opponent,27,38,563,370,280,203,80,176,504,34.9,328,4134,1406,34,1494,1775,865,568,127,2,441,309,872,730,13
Premier League,M,ENG,2018,vs Southampton,opponent,26,38,507,293,287,159,61,143,518,27.6,375,4731,1265,26.7,1704,2023,1004,607,126,6,481,347,854,770,8
Premier League,M,ENG,2018,vs Stoke City,opponent,30,38,514,284,262,198,54,172,517,33.3,345,4449,1373,30.9,1559,1956,934,541,112,5,429,283,797,595,7
Premier League,M,ENG,2018,vs Swansea City,opponent,26,38,571,353,300,202,69,157,494,31.8,337,5782,1635,28.3,2022,2406,1354,555,106,3,449,360,931,747,6
Premier League,M,ENG,2018,vs Tottenham,opponent,25,38,702,434,430,213,59,248,694,35.7,446,6661,1758,26.4,2866,2658,1137,767,193,3,574,454,1156,918,25
Premier League,M,ENG,2018,vs Watford,opponent,29,38,621,355,326,207,88,210,544,38.6,334,5437,1600,29.4,1965,2331,1141,611,128,2,483,406,1027,823,5
Premier League,M,ENG,2018,vs West Brom,opponent,24,38,605,366,310,230,65,210,543,38.7,333,4844,1422,29.4,1660,2001,1183,560,103,3,457,272,877,768,18
Premier League,M,ENG,2018,vs West Ham,opponent,27,38,585,360,296,218,71,160,491,32.6,331,4718,1344,28.5,1580,2182,956,564,100,5,464,337,922,691,5
La Liga,M,ESP,2020,Alavés,team,32,38,613,370,295,269,49,194,580,33.4,386,5609,1464,26.1,1757,2820,1032,576,120,0,456,214,827,1085,8
La Liga,M,ESP,2020,Athletic Club,team,26,38,578,353,286,219,73,191,618,30.9,427,5431,1547,28.5,1706,2478,1247,573,99,2,474,238,816,1130,8
La Liga,M,ESP,2020,Atlético Madrid,team,30,38,670,431,310,272,88,261,682,38.3,421,5111,1532,30,1616,2385,1110,659,124,1,535,221,891,990,6
La Liga,M,ESP,2020,Barcelona,team,28,38,545,368,224,228,93,166,462,35.9,296,4843,1487,30.7,1268,2305,1270,493,93,4,400,239,784,638,9
La Liga,M,ESP,2020,Betis,team,27,38,534,331,285,190,59,160,495,32.3,335,4932,1308,26.5,1590,2228,1114,562,141,1,421,208,742,941,5
La Liga,M,ESP,2020,Celta Vigo,team,30,38,619,371,351,217,51,191,563,33.9,372,5389,1542,28.6,2040,2314,1035,521,102,0,419,263,882,985,4
La Liga,M,ESP,2020,Eibar,team,26,38,618,370,263,255,100,216,622,34.7,406,5515,1618,29.3,1386,2572,1557,580,96,3,484,264,882,1046,7
La Liga,M,ESP,2020,Espanyol,team,31,38,640,402,321,254,65,237,685,34.6,448,5907,1660,28.1,1926,2846,1135,551,98,1,453,251,891,1003,8
La Liga,M,ESP,2020,Getafe,team,30,38,644,391,260,294,90,203,580,35,377,6261,1865,29.8,1633,3179,1449,526,72,2,454,269,913,1145,4
La Liga,M,ESP,2020,Granada,team,27,38,590,351,258,264,68,183,532,34.4,349,5811,1577,27.1,1731,2884,1196,588,126,0,462,214,804,1005,4
La Liga,M,ESP,2020,Leganés,team,29,38,640,389,339,230,71,221,603,36.7,382,5723,1585,27.7,1855,2620,1248,543,79,1,464,249,889,1063,4
La Liga,M,ESP,2020,Levante,team,29,38,548,319,301,190,57,185,543,34.1,358,4990,1312,26.3,1706,2244,1040,539,119,0,420,264,812,1005,7
La Liga,M,ESP,2020,Mallorca,team,32,38,607,389,324,225,58,215,592,36.3,377,5626,1526,27.1,2031,2512,1083,561,125,1,436,242,849,776,8
La Liga,M,ESP,2020,Osasuna,team,31,38,641,389,297,278,66,225,596,37.8,371,5491,1662,30.3,1525,2722,1244,611,105,2,506,255,896,1117,15
La Liga,M,ESP,2020,Real Madrid,team,26,38,625,415,272,267,86,207,597,34.7,390,5071,1507,29.7,1468,2469,1134,562,88,3,474,284,909,603,14
La Liga,M,ESP,2020,Real Sociedad,team,27,38,584,362,259,260,65,221,598,37,377,5055,1496,29.6,1450,2411,1194,528,89,1,439,226,810,971,6
La Liga,M,ESP,2020,Sevilla,team,26,38,614,398,293,259,62,265,670,39.6,405,5071,1540,30.4,1522,2421,1128,519,110,3,409,208,822,1003,9
La Liga,M,ESP,2020,Valencia,team,28,38,507,339,264,189,54,182,575,31.7,393,5278,1356,25.7,1909,2304,1065,546,139,1,407,221,728,956,10
La Liga,M,ESP,2020,Valladolid,team,30,38,616,400,349,224,43,212,677,31.3,465,5770,1529,26.5,2084,2688,998,624,123,2,501,268,884,1014,13
La Liga,M,ESP,2020,Villarreal,team,25,38,575,358,261,258,56,214,625,34.2,411,5610,1540,27.5,1816,2770,1024,591,128,1,463,213,788,992,8
La Liga,M,ESP,2020,vs Alavés,opponent,32,38,574,353,233,274,67,188,465,40.4,277,4423,1400,31.7,1240,2286,897,459,74,0,385,214,788,942,8
La Liga,M,ESP,2020,vs Athletic Club,opponent,26,38,591,361,294,236,61,193,567,34,374,5157,1395,27.1,1634,2483,1040,509,97,0,412,219,810,989,12
La Liga,M,ESP,2020,vs Atlético Madrid,opponent,30,38,607,378,315,233,59,211,583,36.2,372,5188,1496,28.8,1766,2454,968,543,126,3,417,230,837,960,11
La Liga,M,ESP,2020,vs Barcelona,opponent,28,38,643,401,357,220,66,277,818,33.9,541,7187,1536,21.4,2560,3198,1429,636,126,2,510,429,1072,676,5
La Liga,M,ESP,2020,vs Betis,opponent,27,38,616,380,285,259,72,210,692,30.3,482,6495,1731,26.7,2044,2939,1512,575,115,1,460,230,846,792,4
La Liga,M,ESP,2020,vs Celta Vigo,opponent,30,38,656,408,271,301,84,206,596,34.6,390,6192,1730,27.9,1750,3041,1401,611,105,3,506,248,904,835,6
La Liga,M,ESP,2020,vs Eibar,opponent,26,38,556,350,297,212,47,155,439,35.3,284,4871,1437,29.5,1829,2320,722,532,106,1,426,176,732,1338,7
La Liga,M,ESP,2020,vs Espanyol,opponent,31,38,568,350,275,241,52,192,507,37.9,315,4739,1482,31.3,1449,2332,958,546,115,0,431,207,775,1073,4
La Liga,M,ESP,2020,vs Getafe,opponent,30,38,569,338,338,192,39,159,448,35.5,289,4497,1469,32.7,1819,1958,720,652,107,1,545,210,779,1428,9
La Liga,M,ESP,2020,vs Granada,opponent,27,38,534,334,258,224,52,191,519,36.8,328,4926,1546,31.4,1639,2255,1032,564,106,3,458,201,735,1015,8
La Liga,M,ESP,2020,vs Leganés,opponent,29,38,579,396,287,243,49,197,575,34.3,378,4866,1430,29.4,1500,2431,935,511,101,2,410,211,790,1133,8
La Liga,M,ESP,2020,vs Levante,opponent,29,38,623,381,285,246,92,240,669,35.9,429,5409,1635,30.2,1466,2524,1419,558,126,1,432,192,815,867,8
La Liga,M,ESP,2020,vs Mallorca,opponent,32,38,706,436,339,279,88,225,634,35.5,409,5761,1672,29,1698,2634,1429,568,110,2,458,238,944,897,7
La Liga,M,ESP,2020,vs Osasuna,opponent,31,38,592,385,266,250,76,179,537,33.3,358,4849,1548,31.9,1534,2357,958,591,108,0,483,237,829,1160,17
La Liga,M,ESP,2020,vs Real Madrid,opponent,26,38,620,394,309,230,81,267,772,34.6,505,5990,1497,25,1963,2716,1311,594,118,4,476,305,925,924,7
La Liga,M,ESP,2020,vs Real Sociedad,opponent,27,38,635,373,314,257,64,217,589,36.8,372,6114,1652,27,1846,2956,1312,625,115,1,510,287,922,902,6
La Liga,M,ESP,2020,vs Sevilla,opponent,26,38,651,404,319,258,74,203,671,30.3,468,5855,1568,26.8,1879,2658,1318,651,121,3,530,266,917,970,14
La Liga,M,ESP,2020,vs Valencia,opponent,28,38,519,339,229,223,67,179,555,32.3,376,5165,1377,26.7,1348,2430,1387,464,88,2,376,250,769,799,6
La Liga,M,ESP,2020,vs Valladolid,opponent,30,38,589,373,267,238,84,233,585,39.8,352,4928,1440,29.2,1366,2401,1161,521,97,0,424,204,793,955,6
La Liga,M,ESP,2020,vs Villarreal,opponent,25,38,580,362,274,226,80,227,674,33.7,447,5882,1612,27.4,1689,2799,1394,543,115,0,428,257,837,813,4
La Liga,M,ESP,2019,Alavés,team,26,38,636,365,329,234,73,226,659,34.3,433,5867,1386,23.6,1963,2755,1149,606,116,2,490,343,979,1148,8
La Liga,M,ESP,2019,Athletic Club,team,27,38,644,423,314,239,91,213,730,29.2,517,5861,1531,26.1,1720,2781,1360,576,96,1,480,351,995,986,8
La Liga,M,ESP,2019,Atlético Madrid,team,29,38,784,523,416,297,71,258,743,34.7,485,6995,1814,25.9,2216,3295,1484,582,104,1,478,361,1145,830,10
La Liga,M,ESP,2019,Barcelona,team,30,38,572,391,239,248,85,211,563,37.5,352,6225,1796,28.9,1647,2961,1617,586,110,2,476,288,860,584,7
La Liga,M,ESP,2019,Betis,team,25,38,622,420,311,240,71,191,601,31.8,410,5208,1385,26.6,1751,2310,1147,512,87,2,425,259,881,653,13
La Liga,M,ESP,2019,Celta Vigo,team,28,38,620,399,335,222,63,239,674,35.5,435,6596,1717,26,2289,3010,1297,563,101,2,462,272,892,933,10
La Liga,M,ESP,2019,Eibar,team,25,38,644,447,249,287,108,225,646,34.8,421,6080,1906,31.3,1423,2762,1895,547,65,1,482,296,940,908,10
La Liga,M,ESP,2019,Espanyol,team,25,38,674,443,345,248,81,248,785,31.6,537,6186,1433,23.2,2102,2845,1239,552,133,5,419,337,1011,1031,12
La Liga,M,ESP,2019,Getafe,team,26,38,643,418,275,282,86,232,671,34.6,439,7118,1852,26,2002,3590,1526,605,91,1,514,347,990,938,7
La Liga,M,ESP,2019,Girona,team,26,38,593,369,297,239,57,247,687,36,440,6240,1516,24.3,2063,2961,1216,614,126,1,488,352,945,1031,9
La Liga,M,ESP,2019,Huesca,team,30,38,721,482,384,276,61,273,762,35.8,489,6264,1617,25.8,2076,3023,1165,553,120,3,433,368,1089,1066,11
La Liga,M,ESP,2019,Leganés,team,29,38,636,417,334,238,64,240,711,33.8,471,6369,1508,23.7,2196,2848,1325,515,84,2,431,326,962,1081,9
La Liga,M,ESP,2019,Levante,team,26,38,590,377,322,210,58,219,747,29.3,528,5943,1405,23.6,2007,2712,1224,622,142,3,480,302,892,883,9
La Liga,M,ESP,2019,Rayo Vallecano,team,29,38,646,425,360,224,62,223,655,34,432,5742,1520,26.5,2144,2605,993,551,79,2,472,326,972,1031,8
La Liga,M,ESP,2019,Real Madrid,team,27,38,634,418,285,252,97,196,658,29.8,462,5700,1505,26.4,1538,2732,1430,529,86,4,443,322,956,605,6
La Liga,M,ESP,2019,Real Sociedad,team,30,38,606,399,311,230,65,241,663,36.3,422,6432,1631,25.4,1987,3054,1391,611,113,4,498,331,937,907,12
La Liga,M,ESP,2019,Sevilla,team,27,38,621,422,323,220,78,200,590,33.9,390,5782,1501,26,1859,2623,1300,529,119,1,410,296,917,908,6
La Liga,M,ESP,2019,Valencia,team,25,38,579,381,299,212,68,204,626,32.6,422,6489,1598,24.6,2042,3074,1373,600,131,1,469,357,936,933,12
La Liga,M,ESP,2019,Valladolid,team,28,38,692,452,379,241,72,255,792,32.2,537,6253,1570,25.1,2337,2936,980,597,118,2,479,317,1009,940,14
La Liga,M,ESP,2019,Villarreal,team,26,38,670,425,351,255,64,266,755,35.2,489,6516,1512,23.2,2115,3147,1254,566,154,4,412,302,972,957,10
La Liga,M,ESP,2019,vs Alavés,opponent,26,38,577,356,280,245,52,230,573,40.1,343,4741,1455,30.7,1445,2294,1002,510,94,2,416,272,849,1002,10
La Liga,M,ESP,2019,vs Athletic Club,opponent,27,38,625,407,319,229,77,238,601,39.6,363,5736,1504,26.2,1934,2636,1166,538,86,0,452,297,922,988,8
La Liga,M,ESP,2019,vs Atlético Madrid,opponent,29,38,604,389,327,208,69,209,690,30.3,481,6708,1625,24.2,2335,3078,1295,572,108,0,464,374,978,874,4
La Liga,M,ESP,2019,vs Barcelona,opponent,30,38,705,455,414,220,71,299,912,32.8,613,8776,1819,20.7,3233,3894,1649,598,119,3,479,478,1183,643,14
La Liga,M,ESP,2019,vs Betis,opponent,25,38,692,451,328,271,93,255,793,32.2,538,8106,1667,20.6,2431,3903,1772,552,116,5,436,378,1070,759,7
La Liga,M,ESP,2019,vs Celta Vigo,opponent,28,38,621,410,280,251,90,227,736,30.8,509,6254,1435,22.9,1741,3065,1448,515,121,2,394,315,936,846,11
La Liga,M,ESP,2019,vs Eibar,opponent,25,38,631,400,366,223,42,220,686,32.1,466,6179,1675,27.1,2486,2903,790,660,93,3,567,331,962,1431,18
La Liga,M,ESP,2019,vs Espanyol,opponent,25,38,602,417,278,237,87,165,592,27.9,427,6367,1638,25.7,1770,2944,1653,604,116,4,488,277,879,753,10
La Liga,M,ESP,2019,vs Getafe,opponent,26,38,646,407,347,240,59,221,588,37.6,367,4678,1509,32.3,1706,2128,844,617,105,1,512,313,959,1020,14
La Liga,M,ESP,2019,vs Girona,opponent,26,38,605,396,323,225,57,211,609,34.6,398,5519,1507,27.3,1524,2643,1352,475,84,3,391,335,940,928,7
La Liga,M,ESP,2019,vs Huesca,opponent,30,38,621,406,270,267,84,228,654,34.9,426,5476,1613,29.5,1637,2614,1225,517,110,2,407,304,925,1070,12
La Liga,M,ESP,2019,vs Leganés,opponent,29,38,544,342,274,210,60,197,549,35.9,352,5188,1402,27,1566,2552,1070,485,83,1,402,285,829,973,11
La Liga,M,ESP,2019,vs Levante,opponent,26,38,760,492,377,282,101,271,759,35.7,488,5573,1620,29.1,1788,2549,1236,569,110,0,459,327,1087,859,9
La Liga,M,ESP,2019,vs Rayo Vallecano,opponent,29,38,812,533,363,344,105,272,896,30.4,624,6333,1744,27.5,1846,2968,1519,558,122,3,436,263,1075,813,8
La Liga,M,ESP,2019,vs Real Madrid,opponent,27,38,675,471,362,243,70,252,770,32.7,518,7487,1587,21.2,2544,3424,1519,674,152,3,522,320,995,855,8
La Liga,M,ESP,2019,vs Real Sociedad,opponent,30,38,748,488,371,291,86,254,728,34.9,474,6867,1788,26,2014,3292,1561,569,98,1,471,280,1028,732,8
La Liga,M,ESP,2019,vs Sevilla,opponent,27,38,645,443,296,266,83,226,675,33.5,449,6731,1670,24.8,2188,3083,1460,659,121,5,538,345,990,1046,9
La Liga,M,ESP,2019,vs Valencia,opponent,25,38,589,400,290,236,63,233,652,35.7,419,5953,1501,25.2,1824,2831,1298,568,100,3,468,353,942,917,6
La Liga,M,ESP,2019,vs Valladolid,opponent,28,38,536,349,284,202,50,160,539,29.7,379,5544,1502,27.1,1694,2532,1318,585,100,2,485,264,800,995,11
La Liga,M,ESP,2019,vs Villarreal,opponent,26,38,589,384,309,204,76,239,716,33.4,477,5650,1442,25.5,1771,2691,1188,591,137,1,454,342,931,849,6
La Liga,M,ESP,2018,Alavés,team,30,38,606,383,335,205,66,188,611,30.8,423,6355,1521,23.9,2161,3024,1170,605,137,1,468,348,954,681,10
La Liga,M,ESP,2018,Athletic Club,team,27,38,625,373,306,251,68,195,656,29.7,461,6864,1827,26.6,1969,3260,1635,595,109,3,486,354,979,508,10
La Liga,M,ESP,2018,Atlético Madrid,team,26,38,714,463,375,263,76,205,668,30.7,463,6726,1852,27.5,2290,3035,1401,678,127,1,551,358,1072,585,13
La Liga,M,ESP,2018,Barcelona,team,25,38,499,345,233,194,72,158,509,31,351,6408,1786,27.9,1800,2956,1652,530,105,4,425,353,852,370,12
La Liga,M,ESP,2018,Betis,team,29,38,500,321,263,181,56,136,490,27.8,354,5764,1535,26.6,1906,2698,1160,562,102,5,460,336,836,596,11
La Liga,M,ESP,2018,Celta Vigo,team,22,38,488,306,278,166,44,148,463,32,315,5639,1614,28.6,1915,2496,1228,535,107,1,428,306,794,487,9
La Liga,M,ESP,2018,Eibar,team,26,38,490,330,214,208,68,155,555,27.9,400,5993,1884,31.4,1365,2727,1901,526,55,0,471,386,876,394,9
La Liga,M,ESP,2018,Espanyol,team,25,38,573,353,313,201,59,187,637,29.4,450,6157,1580,25.7,1928,2911,1318,553,121,2,432,346,919,571,9
La Liga,M,ESP,2018,Getafe,team,32,38,573,390,309,206,58,202,648,31.2,446,6210,1583,25.5,1926,3029,1255,567,79,0,488,343,916,560,11
La Liga,M,ESP,2018,Girona,team,25,38,498,317,249,195,54,164,555,29.5,391,6038,1547,25.6,1731,3003,1304,530,96,3,434,340,838,533,12
La Liga,M,ESP,2018,La Coruña,team,32,38,606,377,327,227,52,177,604,29.3,427,6643,1644,24.7,2430,2884,1329,595,119,1,476,321,927,638,14
La Liga,M,ESP,2018,Las Palmas,team,36,38,540,373,287,198,55,182,592,30.7,410,5557,1496,26.9,1773,2575,1209,551,116,3,435,324,864,450,9
La Liga,M,ESP,2018,Leganés,team,28,38,627,420,304,264,59,218,631,34.5,413,6674,1833,27.5,1984,3250,1440,563,91,2,472,470,1097,477,8
La Liga,M,ESP,2018,Levante,team,33,38,497,345,271,178,48,154,525,29.3,371,6613,1539,23.3,2299,3047,1267,599,137,5,462,381,878,585,9
La Liga,M,ESP,2018,Málaga,team,36,38,589,382,315,216,58,195,623,31.3,428,6508,1638,25.2,2147,3066,1295,602,98,2,504,339,928,599,6
La Liga,M,ESP,2018,Real Madrid,team,24,38,559,391,267,218,74,158,579,27.3,421,6349,1732,27.3,1893,2884,1572,472,86,7,386,335,894,360,8
La Liga,M,ESP,2018,Real Sociedad,team,27,38,455,298,215,189,51,145,488,29.7,343,5855,1566,26.7,1738,2668,1449,524,99,4,425,300,755,450,7
La Liga,M,ESP,2018,Sevilla,team,31,38,607,384,300,240,67,192,602,31.9,410,5667,1531,27,1704,2652,1311,589,127,3,462,317,924,529,10
La Liga,M,ESP,2018,Valencia,team,25,38,647,388,360,218,69,189,561,33.7,372,6404,1535,24,2174,2890,1340,593,113,0,480,347,994,664,10
La Liga,M,ESP,2018,Villarreal,team,32,38,591,384,312,229,50,196,637,30.8,441,5636,1366,24.2,1775,2612,1249,671,143,3,528,305,896,653,2
La Liga,M,ESP,2018,vs Alavés,opponent,30,38,527,342,267,198,62,157,552,28.4,395,5294,1643,31,1594,2528,1172,511,91,2,420,315,842,439,6
La Liga,M,ESP,2018,vs Athletic Club,opponent,27,38,520,340,267,212,41,186,547,34,361,5840,1678,28.7,1992,2663,1185,599,88,3,511,296,816,622,10
La Liga,M,ESP,2018,vs Atlético Madrid,opponent,26,38,570,385,283,222,65,184,589,31.2,405,6056,1726,28.5,1927,2799,1330,582,96,5,486,373,943,489,8
La Liga,M,ESP,2018,vs Barcelona,opponent,25,38,674,432,377,226,71,278,951,29.2,673,8471,1896,22.4,3029,3683,1759,701,136,2,565,456,1130,478,12
La Liga,M,ESP,2018,vs Betis,opponent,29,38,526,361,262,202,62,161,578,27.9,417,6360,1460,23,1723,3038,1599,505,96,2,409,344,870,388,5
La Liga,M,ESP,2018,vs Celta Vigo,opponent,22,38,546,361,241,238,67,182,570,31.9,388,6916,1658,24,1763,3394,1759,513,108,3,405,333,879,469,9
La Liga,M,ESP,2018,vs Eibar,opponent,26,38,552,341,335,186,31,177,554,31.9,377,6120,1581,25.8,2316,2883,921,646,120,1,526,351,903,721,11
La Liga,M,ESP,2018,vs Espanyol,opponent,25,38,495,308,257,190,48,145,537,27,392,5421,1572,29,1522,2639,1260,613,100,4,513,348,843,560,9
La Liga,M,ESP,2018,vs Getafe,opponent,32,38,599,375,318,220,61,196,533,36.8,337,4731,1653,34.9,1700,2042,989,550,91,1,459,325,924,474,6
La Liga,M,ESP,2018,vs Girona,opponent,25,38,538,349,285,203,50,179,552,32.4,373,5975,1636,27.4,1831,2852,1292,502,103,2,399,296,834,563,9
La Liga,M,ESP,2018,vs La Coruña,opponent,32,38,527,352,281,203,43,152,544,27.9,392,5693,1534,26.9,1887,2571,1235,552,109,3,443,294,821,599,11
La Liga,M,ESP,2018,vs Las Palmas,opponent,36,38,611,388,270,259,82,158,606,26.1,448,6870,1758,25.6,1866,3347,1657,512,94,0,418,421,1032,503,8
La Liga,M,ESP,2018,vs Leganés,opponent,28,38,598,398,304,228,66,179,585,30.6,406,5373,1703,31.7,1662,2459,1252,540,92,3,448,295,893,462,11
La Liga,M,ESP,2018,vs Levante,opponent,33,38,622,386,339,212,71,189,580,32.6,391,5358,1565,29.2,1793,2318,1247,555,107,1,448,294,916,511,7
La Liga,M,ESP,2018,vs Málaga,opponent,36,38,600,379,293,243,64,175,497,35.2,322,5815,1717,29.5,1731,2793,1291,549,91,1,458,331,931,578,13
La Liga,M,ESP,2018,vs Real Madrid,opponent,24,38,524,333,302,156,66,182,652,27.9,470,7603,1468,19.3,2764,3305,1534,666,158,5,508,413,937,703,11
La Liga,M,ESP,2018,vs Real Sociedad,opponent,27,38,591,376,319,204,68,175,512,34.2,337,6816,1468,21.5,2148,2994,1674,617,131,0,486,293,884,603,8
La Liga,M,ESP,2018,vs Sevilla,opponent,31,38,550,364,293,208,49,149,556,26.8,407,6215,1581,25.4,1917,2922,1376,664,128,6,536,387,937,566,12
La Liga,M,ESP,2018,vs Valencia,opponent,25,38,605,413,292,237,76,185,640,28.9,455,6761,1743,25.8,2120,3214,1427,529,110,4,419,373,978,490,9
La Liga,M,ESP,2018,vs Villarreal,opponent,32,38,509,340,248,200,61,155,499,31.1,344,6372,1569,24.6,1623,3223,1526,534,118,2,416,371,880,472,14
Ligue 1,M,FRA,2020,Amiens,team,27,28,482,318,227,211,44,183,554,33,371,4988,1362,27.3,1550,2448,990,467,112,3,355,273,755,861,9
Ligue 1,M,FRA,2020,Angers,team,26,28,502,320,230,209,63,172,557,30.9,385,5169,1427,27.6,1640,2532,997,421,59,1,362,236,738,690,8
Ligue 1,M,FRA,2020,Bordeaux,team,26,28,539,347,265,219,55,196,574,34.1,378,4720,1387,29.4,1379,2361,980,418,101,0,317,227,766,705,5
Ligue 1,M,FRA,2020,Brest,team,24,28,554,356,268,222,64,165,506,32.6,341,4469,1284,28.7,1527,2015,927,452,97,2,355,246,800,759,10
Ligue 1,M,FRA,2020,Dijon,team,28,28,583,360,293,222,68,198,548,36.1,350,4745,1347,28.4,1624,2254,867,431,110,1,321,256,839,751,7
Ligue 1,M,FRA,2020,Lille,team,25,28,497,324,203,235,59,209,569,36.7,360,4780,1432,30,1246,2292,1242,388,71,2,317,196,693,661,4
Ligue 1,M,FRA,2020,Lyon,team,27,28,521,330,277,183,61,165,445,37.1,280,4267,1253,29.4,1434,1858,975,393,107,0,286,215,736,654,6
Ligue 1,M,FRA,2020,Marseille,team,23,28,604,372,279,255,70,222,607,36.6,385,4467,1277,28.6,1202,2156,1109,413,71,0,342,192,796,701,6
Ligue 1,M,FRA,2020,Metz,team,24,28,608,385,351,210,47,200,520,38.5,320,5067,1352,26.7,1828,2378,861,470,107,0,363,252,860,802,5
Ligue 1,M,FRA,2020,Monaco,team,28,28,566,356,256,252,58,191,567,33.7,376,4704,1404,29.8,1436,2179,1089,401,82,1,319,262,828,601,10
Ligue 1,M,FRA,2020,Montpellier,team,27,28,473,294,236,187,50,205,589,34.8,384,4425,1247,28.2,1446,2001,978,383,93,2,290,216,689,722,2
Ligue 1,M,FRA,2020,Nantes,team,29,28,605,371,293,257,55,254,611,41.6,357,4814,1343,27.9,1459,2298,1057,364,81,1,283,224,829,784,3
Ligue 1,M,FRA,2020,Nice,team,31,28,511,302,282,171,58,197,552,35.7,355,4486,1188,26.5,1494,1934,1058,417,95,0,322,253,764,545,7
Ligue 1,M,FRA,2020,Nîmes,team,28,28,562,336,264,230,68,225,662,34,437,4386,1319,30.1,1431,2043,912,411,82,1,329,248,810,723,3
Ligue 1,M,FRA,2020,Paris S-G,team,31,27,530,316,212,224,94,194,557,34.8,363,4054,1252,30.9,1064,1826,1164,366,74,1,292,185,715,363,9
Ligue 1,M,FRA,2020,Reims,team,26,28,551,345,288,205,58,184,481,38.3,297,4141,1231,29.7,1395,1880,866,385,82,0,303,228,779,744,7
Ligue 1,M,FRA,2020,Rennes,team,26,28,548,338,267,227,54,180,564,31.9,384,4472,1279,28.6,1420,2145,907,437,115,1,322,188,736,792,10
Ligue 1,M,FRA,2020,Saint-Étienne,team,31,28,585,378,251,260,74,198,532,37.2,334,4712,1434,30.4,1276,2400,1036,407,78,4,329,276,861,678,8
Ligue 1,M,FRA,2020,Strasbourg,team,25,27,524,337,263,208,53,180,460,39.1,280,4358,1302,29.9,1514,1979,865,348,63,2,285,245,769,633,8
Ligue 1,M,FRA,2020,Toulouse,team,30,28,558,393,295,217,46,204,535,38.1,331,4573,1281,28,1681,2044,848,448,97,2,351,238,796,717,14
Ligue 1,M,FRA,2020,vs Amiens,opponent,27,28,586,363,263,255,68,159,477,33.3,318,4332,1442,33.3,1306,2135,891,407,68,1,339,227,813,688,6
Ligue 1,M,FRA,2020,vs Angers,opponent,26,28,547,321,285,209,53,190,557,34.1,367,4281,1245,29.1,1444,1973,864,429,93,0,336,255,802,738,7
Ligue 1,M,FRA,2020,vs Bordeaux,opponent,26,28,563,360,228,275,60,162,475,34.1,313,5255,1498,28.5,1208,2904,1143,379,84,1,295,232,795,567,7
Ligue 1,M,FRA,2020,vs Brest,opponent,24,28,499,320,208,217,74,164,412,39.8,248,4413,1317,29.8,1318,1979,1116,420,84,2,336,235,734,714,6
Ligue 1,M,FRA,2020,vs Dijon,opponent,28,28,609,416,252,272,85,217,611,35.5,394,4543,1461,32.2,1279,2193,1071,410,99,1,311,235,844,684,9
Ligue 1,M,FRA,2020,vs Lille,opponent,25,28,567,352,327,195,45,196,571,34.3,375,4840,1327,27.4,1897,2230,713,444,87,1,357,203,770,759,11
Ligue 1,M,FRA,2020,vs Lyon,opponent,27,28,584,372,298,244,42,196,595,32.9,399,5227,1470,28.1,1742,2474,1011,404,84,0,320,229,813,651,1
Ligue 1,M,FRA,2020,vs Marseille,opponent,23,28,541,317,260,225,56,214,564,37.9,350,4368,1209,27.7,1478,2025,865,445,107,0,338,223,764,684,4
Ligue 1,M,FRA,2020,vs Metz,opponent,24,28,558,364,265,223,70,208,623,33.4,415,4518,1357,30,1361,2144,1013,380,84,1,296,211,769,701,7
Ligue 1,M,FRA,2020,vs Monaco,opponent,28,28,518,324,238,229,51,212,596,35.6,384,4788,1276,26.6,1639,2304,845,442,98,3,344,244,762,704,10
Ligue 1,M,FRA,2020,vs Montpellier,opponent,27,28,482,308,254,175,53,220,466,47.2,246,4250,1300,30.6,1420,1912,918,448,87,0,361,233,715,778,5
Ligue 1,M,FRA,2020,vs Nantes,opponent,29,28,597,352,303,232,62,217,588,36.9,371,4771,1396,29.3,1521,2290,960,411,97,1,314,257,854,715,12
Ligue 1,M,FRA,2020,vs Nice,opponent,31,28,589,398,282,230,77,223,613,36.4,390,4654,1248,26.8,1372,2042,1240,380,105,2,275,247,836,451,6
Ligue 1,M,FRA,2020,vs Nîmes,opponent,28,28,520,340,277,195,48,220,518,42.5,298,3543,1110,31.3,1264,1490,789,441,97,0,344,172,692,921,5
Ligue 1,M,FRA,2020,vs Paris S-G,opponent,31,27,579,371,316,201,62,247,717,34.4,470,5557,1290,23.2,2066,2490,1001,401,83,5,318,283,862,562,9
Ligue 1,M,FRA,2020,vs Reims,opponent,26,28,510,301,255,195,60,211,617,34.2,406,4749,1326,27.9,1440,2066,1243,403,85,1,318,261,771,706,7
Ligue 1,M,FRA,2020,vs Rennes,opponent,26,28,537,351,252,234,51,184,489,37.6,305,4321,1258,29.1,1232,2111,978,420,95,2,325,225,762,653,5
Ligue 1,M,FRA,2020,vs Saint-Étienne,opponent,31,28,553,360,274,215,64,174,533,32.6,359,4508,1314,29.1,1368,2094,1046,395,73,1,322,250,803,723,11
Ligue 1,M,FRA,2020,vs Strasbourg,opponent,25,27,450,282,220,181,49,149,465,32,316,4372,1195,27.3,1309,2042,1021,374,69,0,305,196,646,724,4
Ligue 1,M,FRA,2020,vs Toulouse,opponent,30,28,514,306,243,202,69,159,503,31.6,344,4507,1362,30.2,1382,2125,1000,387,98,2,289,238,752,763,9
Ligue 1,M,FRA,2019,Amiens,team,26,38,657,454,323,258,76,206,700,29.4,494,6108,1597,26.1,2073,2827,1208,603,146,2,457,263,920,984,4
Ligue 1,M,FRA,2019,Angers,team,24,38,665,452,353,237,75,229,803,28.5,574,7461,1866,25,2742,3644,1075,593,119,2,474,365,1030,882,5
Ligue 1,M,FRA,2019,Bordeaux,team,33,38,704,435,340,290,74,228,732,31.1,504,6759,1757,26,2339,3197,1223,544,121,3,423,306,1010,945,11
Ligue 1,M,FRA,2019,Caen,team,27,38,681,412,372,257,52,239,756,31.6,517,6402,1593,24.9,2489,2898,1015,604,148,4,456,317,998,1040,6
Ligue 1,M,FRA,2019,Dijon,team,26,38,705,439,353,276,76,202,707,28.6,505,6339,1652,26.1,2082,2929,1328,588,130,8,458,307,1012,875,18
Ligue 1,M,FRA,2019,Guingamp,team,30,38,743,498,361,304,78,209,604,34.6,395,6895,1825,26.5,2250,3352,1293,631,112,4,519,302,1045,825,7
Ligue 1,M,FRA,2019,Lille,team,25,38,641,434,308,264,69,240,665,36.1,425,5904,1596,27,1882,2852,1170,580,111,1,469,267,908,801,7
Ligue 1,M,FRA,2019,Lyon,team,25,38,591,389,285,230,76,186,520,35.8,334,5866,1645,28,1791,2705,1370,551,143,4,408,315,906,726,6
Ligue 1,M,FRA,2019,Marseille,team,24,38,728,444,340,300,88,244,755,32.3,511,6462,1860,28.8,2006,3079,1377,537,115,4,422,271,999,703,12
Ligue 1,M,FRA,2019,Monaco,team,42,38,732,453,374,273,85,234,742,31.5,508,6452,1749,27.1,2092,3006,1354,503,92,1,411,295,1027,837,6
Ligue 1,M,FRA,2019,Montpellier,team,25,38,751,424,367,291,93,275,784,35.1,509,6593,1690,25.6,2254,3193,1146,605,117,3,488,320,1071,858,9
Ligue 1,M,FRA,2019,Nantes,team,33,38,768,481,379,293,96,241,749,32.2,508,6768,1907,28.2,2328,3227,1213,564,117,2,447,345,1113,894,6
Ligue 1,M,FRA,2019,Nice,team,30,38,642,385,336,241,65,226,679,33.3,453,6017,1591,26.4,2135,2715,1167,591,123,5,468,325,967,802,9
Ligue 1,M,FRA,2019,Nîmes,team,23,38,735,462,398,258,79,264,798,33.1,534,6440,1703,26.4,2180,3080,1180,615,120,2,495,277,1012,892,10
Ligue 1,M,FRA,2019,Paris S-G,team,30,38,668,421,286,285,97,251,740,33.9,489,6356,1821,28.7,1802,2962,1592,516,104,2,412,249,917,553,13
Ligue 1,M,FRA,2019,Reims,team,27,38,759,453,437,243,79,251,772,32.5,521,7066,1773,25.1,2548,3131,1387,586,118,2,468,344,1103,966,8
Ligue 1,M,FRA,2019,Rennes,team,28,38,641,378,294,262,85,232,704,33,472,6289,1687,26.8,2168,2932,1189,547,122,5,425,285,926,811,5
Ligue 1,M,FRA,2019,Saint-Étienne,team,29,38,669,427,317,267,85,210,709,29.6,499,5978,1586,26.5,2004,2790,1184,517,95,2,422,304,973,826,12
Ligue 1,M,FRA,2019,Strasbourg,team,26,38,647,384,317,247,83,214,626,34.2,412,6269,1570,25,2262,2917,1090,536,129,4,407,347,994,796,10
Ligue 1,M,FRA,2019,Toulouse,team,29,38,705,459,394,227,84,239,655,36.5,416,6537,1739,26.6,2478,2789,1270,633,142,3,491,300,1005,919,9
Ligue 1,M,FRA,2019,vs Amiens,opponent,26,38,633,391,297,264,72,191,576,33.2,385,5449,1575,28.9,1811,2667,971,547,104,2,443,275,908,855,9
Ligue 1,M,FRA,2019,vs Angers,opponent,24,38,741,472,351,293,97,225,696,32.3,471,6167,1684,27.3,1938,2931,1298,517,104,0,413,265,1006,805,12
Ligue 1,M,FRA,2019,vs Bordeaux,opponent,33,38,724,481,317,315,92,223,723,30.8,500,7233,2009,27.8,2120,3594,1519,570,105,1,465,355,1079,749,8
Ligue 1,M,FRA,2019,vs Caen,opponent,27,38,690,421,290,314,86,254,692,36.7,438,5758,1621,28.2,1465,3043,1250,489,109,2,380,271,961,939,6
Ligue 1,M,FRA,2019,vs Dijon,opponent,26,38,633,411,305,267,61,170,623,27.3,453,5775,1585,27.4,1884,2779,1112,544,114,2,430,237,870,896,5
Ligue 1,M,FRA,2019,vs Guingamp,opponent,30,38,712,431,391,239,82,235,729,32.2,494,5536,1582,28.6,2069,2424,1043,598,118,1,480,315,1027,1019,8
Ligue 1,M,FRA,2019,vs Lille,opponent,25,38,738,468,361,293,84,229,702,32.6,473,6222,1648,26.5,2213,2925,1084,543,109,3,434,279,1017,819,11
Ligue 1,M,FRA,2019,vs Lyon,opponent,25,38,694,448,381,235,78,234,802,29.2,568,7300,1696,23.2,2823,3306,1171,608,164,3,444,435,1129,787,14
Ligue 1,M,FRA,2019,vs Marseille,opponent,24,38,675,390,371,252,52,248,699,35.5,451,7137,1643,23,2414,3438,1285,626,136,2,490,286,961,963,8
Ligue 1,M,FRA,2019,vs Monaco,opponent,42,38,651,405,333,251,67,229,662,34.6,433,6735,1857,27.6,2427,3168,1140,638,138,4,500,312,963,804,5
Ligue 1,M,FRA,2019,vs Montpellier,opponent,25,38,652,419,341,243,68,209,660,31.7,451,6482,1756,27.1,2185,3010,1287,593,110,2,483,270,922,1014,11
Ligue 1,M,FRA,2019,vs Nantes,opponent,33,38,615,359,320,232,63,182,586,31.1,404,6221,1759,28.3,2450,2644,1127,614,136,0,478,355,970,883,8
Ligue 1,M,FRA,2019,vs Nice,opponent,30,38,809,532,400,314,95,329,992,33.2,663,7155,1813,25.3,2234,3370,1551,532,127,2,405,326,1135,587,2
Ligue 1,M,FRA,2019,vs Nîmes,opponent,23,38,707,434,369,260,78,251,736,34.1,485,6041,1784,29.5,2293,2603,1145,571,131,0,440,273,980,971,8
Ligue 1,M,FRA,2019,vs Paris S-G,opponent,30,38,734,513,402,253,79,267,885,30.2,618,8242,1730,21,3150,3790,1302,573,141,13,432,378,1112,730,12
Ligue 1,M,FRA,2019,vs Reims,opponent,27,38,629,411,279,254,96,208,673,30.9,465,5638,1670,29.6,1731,2506,1401,544,97,4,447,279,908,829,6
Ligue 1,M,FRA,2019,vs Rennes,opponent,28,38,762,472,398,284,80,274,785,34.9,511,6748,1738,25.8,2402,3144,1202,578,117,4,461,298,1060,797,7
Ligue 1,M,FRA,2019,vs Saint-Étienne,opponent,29,38,646,393,321,237,88,213,620,34.4,407,6610,1564,23.7,2142,3014,1454,639,151,7,488,285,931,858,15
Ligue 1,M,FRA,2019,vs Strasbourg,opponent,26,38,642,382,303,247,92,218,623,35,405,6314,1662,26.3,2026,2953,1335,601,100,7,501,268,910,861,7
Ligue 1,M,FRA,2019,vs Toulouse,opponent,29,38,745,451,404,256,85,231,736,31.4,505,6198,1831,29.5,2128,2916,1154,519,113,4,406,342,1087,769,11
Ligue 1,M,FRA,2018,Amiens,team,30,38,606,369,339,203,64,168,529,31.8,361,4874,1347,27.6,1849,2140,885,650,174,4,476,502,1108,765,12
Ligue 1,M,FRA,2018,Angers,team,27,38,571,357,320,194,57,167,623,26.8,456,5172,1333,25.8,1699,2510,963,566,81,2,485,402,973,550,11
Ligue 1,M,FRA,2018,Bordeaux,team,31,38,652,412,332,252,68,187,579,32.3,392,5072,1461,28.8,1646,2339,1087,521,112,4,409,432,1084,577,12
Ligue 1,M,FRA,2018,Caen,team,26,38,638,372,350,224,64,199,654,30.4,455,5833,1541,26.4,1963,2727,1143,631,105,2,526,515,1153,675,11
Ligue 1,M,FRA,2018,Dijon,team,26,38,628,384,347,227,54,155,550,28.2,395,5360,1490,27.8,1877,2419,1064,555,123,4,432,474,1102,586,7
Ligue 1,M,FRA,2018,Guingamp,team,23,38,564,346,307,193,64,161,536,30,375,4879,1344,27.5,1618,2246,1015,518,129,5,389,482,1046,621,6
Ligue 1,M,FRA,2018,Lille,team,25,38,609,367,338,213,58,174,502,34.7,328,4622,1335,28.9,1606,2115,901,542,111,4,431,445,1054,519,16
Ligue 1,M,FRA,2018,Lyon,team,26,38,568,362,293,205,70,153,480,31.9,327,6138,1724,28.1,2076,2677,1385,517,119,3,398,437,1005,525,14
Ligue 1,M,FRA,2018,Marseille,team,26,38,663,406,328,252,83,202,573,35.3,371,4573,1471,32.2,1497,1976,1100,561,102,4,459,405,1068,391,8
Ligue 1,M,FRA,2018,Metz,team,36,38,663,401,365,224,74,221,620,35.6,399,4592,1343,29.2,1689,2033,870,523,107,4,416,416,1079,548,13
Ligue 1,M,FRA,2018,Monaco,team,32,38,609,373,257,254,98,182,607,30,425,5299,1497,28.3,1487,2439,1373,545,107,5,438,424,1033,549,11
Ligue 1,M,FRA,2018,Montpellier,team,23,38,598,373,326,216,56,166,479,34.7,313,5227,1451,27.8,1740,2470,1017,529,104,0,425,415,1013,544,15
Ligue 1,M,FRA,2018,Nantes,team,30,38,673,403,376,236,61,229,618,37.1,389,5033,1371,27.2,1590,2283,1160,692,154,6,538,457,1130,691,8
Ligue 1,M,FRA,2018,Nice,team,31,38,536,319,327,154,55,176,505,34.9,329,4664,1303,27.9,1832,1875,957,561,138,2,423,414,950,479,7
Ligue 1,M,FRA,2018,Paris S-G,team,26,38,571,375,274,206,91,166,516,32.2,350,4395,1345,30.6,1427,1763,1205,473,109,3,364,299,870,395,5
Ligue 1,M,FRA,2018,Rennes,team,28,38,497,315,248,178,71,157,573,27.4,416,5207,1411,27.1,1553,2373,1281,598,102,6,496,434,931,604,13
Ligue 1,M,FRA,2018,Saint-Étienne,team,30,38,558,352,315,184,59,189,567,33.3,378,4936,1353,27.4,1817,2125,994,626,134,6,492,380,938,641,20
Ligue 1,M,FRA,2018,Strasbourg,team,25,38,666,442,396,213,57,186,578,32.2,392,4537,1279,28.2,1665,1992,880,533,97,3,436,473,1139,568,19
Ligue 1,M,FRA,2018,Toulouse,team,25,38,589,338,326,194,69,169,550,30.7,381,4953,1342,27.1,1832,2097,1024,579,116,0,463,430,1019,594,13
Ligue 1,M,FRA,2018,Troyes,team,25,38,544,317,326,156,62,148,565,26.2,417,5851,1493,25.5,2327,2559,965,551,128,4,423,446,990,658,13
Ligue 1,M,FRA,2018,vs Amiens,opponent,30,38,604,386,283,248,73,167,517,32.3,350,4349,1458,33.5,1268,1970,1111,506,93,4,413,394,998,517,11
Ligue 1,M,FRA,2018,vs Angers,opponent,27,38,620,371,324,225,71,198,540,36.7,342,4788,1464,30.6,1639,2174,975,586,115,2,471,440,1060,518,10
Ligue 1,M,FRA,2018,vs Bordeaux,opponent,31,38,636,389,340,210,86,195,622,31.4,427,5043,1367,27.1,1807,2211,1025,560,111,6,449,426,1062,586,7
Ligue 1,M,FRA,2018,vs Caen,opponent,26,38,502,311,253,193,56,131,457,28.7,326,4153,1296,31.2,1488,1762,903,590,126,0,464,439,941,687,9
Ligue 1,M,FRA,2018,vs Dijon,opponent,26,38,578,382,274,226,78,170,570,29.8,400,4683,1378,29.4,1337,2118,1228,504,105,2,399,389,967,537,12
Ligue 1,M,FRA,2018,vs Guingamp,opponent,23,38,582,348,332,197,53,145,519,27.9,374,5688,1519,26.7,1960,2610,1118,539,95,4,444,423,1005,622,13
Ligue 1,M,FRA,2018,vs Lille,opponent,25,38,723,454,349,276,98,206,724,28.5,518,5657,1474,26.1,1812,2590,1255,549,101,2,448,471,1194,506,7
Ligue 1,M,FRA,2018,vs Lyon,opponent,26,38,714,441,419,230,65,232,706,32.9,474,5220,1332,25.5,1852,2357,1011,571,148,7,423,441,1155,476,12
Ligue 1,M,FRA,2018,vs Marseille,opponent,26,38,610,350,371,183,56,182,575,31.7,393,4933,1249,25.3,1798,2150,985,623,172,6,451,409,1019,657,15
Ligue 1,M,FRA,2018,vs Metz,opponent,36,38,550,345,320,193,37,158,499,31.7,341,4752,1419,29.9,1775,2073,904,561,110,2,451,415,965,532,15
Ligue 1,M,FRA,2018,vs Monaco,opponent,32,38,584,380,336,197,51,201,588,34.2,387,5699,1639,28.8,2047,2635,1017,563,128,5,435,393,977,593,5
Ligue 1,M,FRA,2018,vs Montpellier,opponent,23,38,594,373,363,182,49,175,503,34.8,328,4914,1434,29.2,1837,2086,991,578,110,3,468,453,1047,617,9
Ligue 1,M,FRA,2018,vs Nantes,opponent,30,38,553,338,306,191,56,144,473,30.4,329,4234,1321,31.2,1548,1827,859,577,145,2,432,477,1030,600,13
Ligue 1,M,FRA,2018,vs Nice,opponent,31,38,619,407,311,226,82,189,656,28.8,467,6190,1475,23.8,1764,2914,1512,530,124,2,406,445,1064,427,10
Ligue 1,M,FRA,2018,vs Paris S-G,opponent,26,38,635,370,366,200,69,262,810,32.3,548,7038,1405,20,2560,3212,1266,615,138,6,477,548,1183,593,27
Ligue 1,M,FRA,2018,vs Rennes,opponent,28,38,591,352,337,200,54,168,458,36.7,290,5065,1398,27.6,1934,2340,791,549,116,5,433,452,1043,651,14
Ligue 1,M,FRA,2018,vs Saint-Étienne,opponent,30,38,617,381,335,211,71,146,486,30,340,4790,1317,27.5,1684,2013,1093,584,104,4,480,477,1094,550,12
Ligue 1,M,FRA,2018,vs Strasbourg,opponent,25,38,517,298,254,199,64,135,487,27.7,352,4270,1219,28.5,1349,1905,1016,557,126,4,431,365,882,621,10
Ligue 1,M,FRA,2018,vs Toulouse,opponent,25,38,595,364,329,205,61,167,523,31.9,356,4978,1535,30.8,1816,2183,979,588,107,3,481,418,1013,664,15
Ligue 1,M,FRA,2018,vs Troyes,opponent,25,38,579,343,288,186,105,184,491,37.5,307,4773,1535,32.2,1515,2028,1230,541,78,2,463,407,986,526,8
Fußball-Bundesliga,M,GER,2020,Augsburg,team,28,34,549,331,276,212,61,190,632,30.1,442,5650,1440,25.5,1794,2622,1234,574,137,7,437,283,832,971,7
Fußball-Bundesliga,M,GER,2020,Bayern Munich,team,29,34,552,368,193,256,103,186,555,33.5,369,4904,1702,34.7,1119,2168,1617,462,89,1,373,220,772,565,3
Fußball-Bundesliga,M,GER,2020,Dortmund,team,27,34,596,401,276,250,70,221,551,40.1,330,5195,1676,32.3,1475,2388,1332,519,106,4,413,286,882,604,11
Fußball-Bundesliga,M,GER,2020,Düsseldorf,team,28,34,555,347,283,211,61,203,591,34.3,388,5503,1614,29.3,1787,2600,1116,558,118,4,440,302,857,759,10
Fußball-Bundesliga,M,GER,2020,Eint Frankfurt,team,27,34,679,444,311,289,79,207,630,32.9,423,5909,1837,31.1,1890,2636,1383,584,110,6,474,251,930,761,5
Fußball-Bundesliga,M,GER,2020,Freiburg,team,26,34,514,309,264,190,60,141,507,27.8,366,4807,1268,26.4,1675,2068,1064,564,170,3,394,255,769,1027,12
Fußball-Bundesliga,M,GER,2020,Hertha BSC,team,32,34,613,356,313,230,70,190,580,32.8,390,5758,1570,27.3,2030,2530,1198,651,142,4,509,304,917,986,17
Fußball-Bundesliga,M,GER,2020,Hoffenheim,team,31,34,590,353,335,200,55,225,585,38.5,360,4665,1377,29.5,1663,1976,1026,595,141,5,454,263,853,860,4
Fußball-Bundesliga,M,GER,2020,Köln,team,29,34,670,421,348,254,68,213,586,36.3,373,6341,1829,28.8,2141,2855,1345,593,113,2,480,272,942,947,4
Fußball-Bundesliga,M,GER,2020,Leverkusen,team,24,34,614,382,274,263,77,219,605,36.2,386,5211,1775,34.1,1533,2440,1238,553,93,2,460,246,860,750,9
Fußball-Bundesliga,M,GER,2020,M'Gladbach,team,25,34,630,400,290,260,80,216,626,34.5,410,5702,1687,29.6,1688,2620,1394,604,120,2,484,269,899,712,11
Fußball-Bundesliga,M,GER,2020,Mainz 05,team,25,34,630,386,304,263,63,201,572,35.1,371,6081,1663,27.3,1935,2851,1295,625,131,4,494,296,926,959,13
Fußball-Bundesliga,M,GER,2020,Paderborn 07,team,27,34,690,409,386,242,62,297,796,37.3,499,6339,1805,28.5,2114,2783,1442,676,134,4,542,262,952,888,9
Fußball-Bundesliga,M,GER,2020,RB Leipzig,team,29,34,659,420,290,278,91,242,661,36.6,419,5924,1939,32.7,1690,2876,1358,577,98,2,479,262,921,746,13
Fußball-Bundesliga,M,GER,2020,Schalke 04,team,29,34,691,430,312,284,95,248,693,35.8,445,6110,1887,30.9,1886,2771,1453,611,132,2,479,306,997,841,10
Fußball-Bundesliga,M,GER,2020,Union Berlin,team,26,34,629,369,325,239,65,214,638,33.5,424,5859,1672,28.5,1882,2780,1197,638,145,1,493,287,916,1093,3
Fußball-Bundesliga,M,GER,2020,Werder Bremen,team,30,34,636,397,315,238,83,227,633,35.9,406,5846,1675,28.7,2091,2543,1212,580,131,1,449,279,915,969,10
Fußball-Bundesliga,M,GER,2020,Wolfsburg,team,26,34,653,401,316,259,78,242,693,34.9,451,6106,1946,31.9,1715,2861,1530,590,96,2,494,281,934,896,12
Fußball-Bundesliga,M,GER,2020,vs Augsburg,opponent,28,34,594,366,288,230,76,204,488,41.8,284,4528,1556,34.4,1367,1926,1235,517,86,2,431,224,818,729,10
Fußball-Bundesliga,M,GER,2020,vs Bayern Munich,opponent,29,34,645,411,371,218,56,268,834,32.1,566,6795,1659,24.4,2565,3084,1146,628,138,6,490,363,1008,962,11
Fußball-Bundesliga,M,GER,2020,vs Dortmund,opponent,27,34,698,456,335,282,81,279,824,33.9,545,6628,1756,26.5,2108,3108,1412,583,112,4,471,379,1077,713,6
Fußball-Bundesliga,M,GER,2020,vs Düsseldorf,opponent,28,34,536,337,275,192,69,174,489,35.6,315,4639,1458,31.4,1576,1949,1114,556,141,2,415,241,777,839,10
Fußball-Bundesliga,M,GER,2020,vs Eint Frankfurt,opponent,27,34,563,354,295,229,39,202,569,35.5,367,5135,1594,31,1714,2407,1014,661,128,0,533,266,829,944,8
Fußball-Bundesliga,M,GER,2020,vs Freiburg,opponent,26,34,575,358,267,224,84,188,483,38.9,295,5347,1575,29.5,1661,2303,1383,583,132,6,451,227,802,963,6
Fußball-Bundesliga,M,GER,2020,vs Hertha BSC,opponent,32,34,581,352,276,230,75,181,595,30.4,414,5121,1611,31.5,1520,2362,1239,515,90,2,425,213,794,748,7
Fußball-Bundesliga,M,GER,2020,vs Hoffenheim,opponent,31,34,614,383,277,251,86,205,538,38.1,333,6210,1797,28.9,1699,2838,1673,551,121,3,430,224,838,738,6
Fußball-Bundesliga,M,GER,2020,vs Köln,opponent,29,34,529,312,225,223,81,179,493,36.3,314,5385,1597,29.7,1529,2485,1371,523,112,1,411,253,782,851,11
Fußball-Bundesliga,M,GER,2020,vs Leverkusen,opponent,24,34,703,441,319,309,75,253,758,33.4,505,7016,1875,26.7,2110,3431,1475,664,143,5,521,357,1060,960,10
Fußball-Bundesliga,M,GER,2020,vs M'Gladbach,opponent,25,34,632,412,295,260,77,228,683,33.4,455,5915,1812,30.6,1797,2766,1352,591,138,6,453,320,952,773,22
Fußball-Bundesliga,M,GER,2020,vs Mainz 05,opponent,25,34,618,381,319,224,75,214,662,32.3,448,5391,1762,32.7,1753,2410,1228,528,127,4,401,229,847,934,8
Fußball-Bundesliga,M,GER,2020,vs Paderborn 07,opponent,27,34,754,443,357,302,95,282,755,37.4,473,5750,1795,31.2,1695,2439,1616,629,130,2,499,277,1031,784,7
Fußball-Bundesliga,M,GER,2020,vs RB Leipzig,opponent,29,34,602,379,288,234,80,216,678,31.9,462,6341,1809,28.5,2122,2917,1302,641,134,3,507,338,940,880,10
Fußball-Bundesliga,M,GER,2020,vs Schalke 04,opponent,29,34,748,454,395,277,76,275,737,37.3,462,5677,1702,30,1805,2536,1336,563,109,4,454,250,998,867,8
Fußball-Bundesliga,M,GER,2020,vs Union Berlin,opponent,26,34,493,305,227,195,71,140,444,31.5,304,4853,1569,32.3,1525,2089,1239,572,111,2,461,229,722,909,7
Fußball-Bundesliga,M,GER,2020,vs Werder Bremen,opponent,30,34,594,373,279,251,64,191,487,39.2,296,5685,1694,29.8,1776,2684,1225,624,130,3,494,249,843,891,6
Fußball-Bundesliga,M,GER,2020,vs Wolfsburg,opponent,26,34,671,407,323,287,61,203,617,32.9,414,5494,1741,31.7,1786,2634,1074,625,124,1,501,285,956,849,10
Fußball-Bundesliga,M,GER,2019,Augsburg,team,30,34,582,372,284,232,66,178,539,33,361,5481,1372,25,1739,2535,1207,558,140,5,418,293,875,796,5
Fußball-Bundesliga,M,GER,2019,Bayern Munich,team,24,34,474,320,184,210,80,140,445,31.5,305,4461,1420,31.8,1043,2036,1382,426,75,3,351,215,689,418,6
Fußball-Bundesliga,M,GER,2019,Dortmund,team,23,34,519,346,245,210,64,167,458,36.5,291,5051,1452,28.7,1517,2269,1265,467,77,1,390,291,810,675,11
Fußball-Bundesliga,M,GER,2019,Düsseldorf,team,24,34,619,391,348,218,53,190,593,32,403,5911,1511,25.6,2199,2822,890,498,109,4,389,320,939,784,11
Fußball-Bundesliga,M,GER,2019,Eint Frankfurt,team,30,34,589,386,287,236,66,179,516,34.7,337,5874,1786,30.4,1893,2721,1260,583,100,9,483,314,903,702,5
Fußball-Bundesliga,M,GER,2019,Freiburg,team,28,34,527,319,302,172,53,173,547,31.6,374,5225,1209,23.1,1791,2323,1111,482,125,2,357,281,808,816,8
Fußball-Bundesliga,M,GER,2019,Hannover 96,team,32,34,578,368,333,196,49,200,657,30.4,457,5355,1415,26.4,2081,2334,940,589,132,2,457,297,875,888,10
Fußball-Bundesliga,M,GER,2019,Hertha BSC,team,26,34,551,345,279,224,48,155,496,31.3,341,5488,1406,25.6,1797,2556,1135,580,121,4,459,295,846,787,5
Fußball-Bundesliga,M,GER,2019,Hoffenheim,team,29,34,567,348,255,238,74,190,539,35.3,349,4971,1406,28.3,1580,2323,1068,530,120,2,410,306,873,694,6
Fußball-Bundesliga,M,GER,2019,Leverkusen,team,21,34,564,371,305,202,57,181,546,33.2,365,5021,1580,31.5,1579,2327,1115,548,98,2,450,293,857,705,4
Fußball-Bundesliga,M,GER,2019,M'Gladbach,team,22,34,512,322,252,209,51,158,479,33,321,5171,1268,24.5,1628,2515,1028,509,98,1,411,261,773,620,10
Fußball-Bundesliga,M,GER,2019,Mainz 05,team,28,34,519,300,247,211,61,157,512,30.7,355,5542,1374,24.8,1666,2541,1335,539,122,3,417,286,805,756,10
Fußball-Bundesliga,M,GER,2019,Nürnberg,team,27,34,564,363,342,179,43,212,564,37.6,352,5417,1257,23.2,2204,2328,885,511,122,2,389,290,854,877,5
Fußball-Bundesliga,M,GER,2019,RB Leipzig,team,23,34,649,394,304,270,75,224,613,36.5,389,5668,1830,32.3,1548,2747,1373,563,78,6,485,321,970,832,7
Fußball-Bundesliga,M,GER,2019,Schalke 04,team,32,34,627,384,283,270,74,207,634,32.6,427,5723,1529,26.7,1735,2727,1261,577,118,0,459,285,912,749,4
Fußball-Bundesliga,M,GER,2019,Stuttgart,team,26,34,605,382,343,201,61,161,503,32,342,5351,1439,26.9,1930,2387,1034,551,122,2,429,288,893,892,7
Fußball-Bundesliga,M,GER,2019,Werder Bremen,team,24,34,540,337,260,212,68,173,558,31,385,5510,1470,26.7,1730,2677,1103,534,112,1,422,305,845,855,7
Fußball-Bundesliga,M,GER,2019,Wolfsburg,team,25,34,589,397,303,217,69,209,572,36.5,363,5501,1519,27.6,1778,2415,1308,542,95,1,447,291,880,815,5
Fußball-Bundesliga,M,GER,2019,vs Augsburg,opponent,30,34,518,305,255,197,66,141,410,34.4,269,4993,1549,31,1461,2331,1201,555,100,3,455,278,796,738,8
Fußball-Bundesliga,M,GER,2019,vs Bayern Munich,opponent,24,34,581,360,363,177,41,203,689,29.5,486,6863,1382,20.1,2724,2919,1220,581,131,2,450,313,894,833,10
Fußball-Bundesliga,M,GER,2019,vs Dortmund,opponent,23,34,688,434,359,250,79,229,755,30.3,526,6445,1559,24.2,2182,3077,1186,571,120,4,451,340,1028,638,3
Fußball-Bundesliga,M,GER,2019,vs Düsseldorf,opponent,24,34,460,315,200,197,63,150,450,33.3,300,4504,1330,29.5,1316,2008,1180,485,96,2,389,264,724,591,8
Fußball-Bundesliga,M,GER,2019,vs Eint Frankfurt,opponent,30,34,587,369,320,217,50,176,502,35.1,326,4754,1499,31.5,1590,2215,949,537,84,1,453,314,901,884,7
Fußball-Bundesliga,M,GER,2019,vs Freiburg,opponent,28,34,543,352,243,223,77,172,477,36.1,305,5193,1335,25.7,1396,2423,1374,467,108,4,359,255,798,677,7
Fußball-Bundesliga,M,GER,2019,vs Hannover 96,opponent,32,34,637,418,290,263,84,192,537,35.8,345,5103,1620,31.7,1455,2439,1209,532,105,3,427,266,903,641,6
Fußball-Bundesliga,M,GER,2019,vs Hertha BSC,opponent,26,34,546,346,290,206,50,155,520,29.8,365,5421,1455,26.8,1688,2724,1009,457,95,2,362,292,838,730,5
Fußball-Bundesliga,M,GER,2019,vs Hoffenheim,opponent,29,34,595,375,322,196,77,213,636,33.5,423,6063,1685,27.8,2183,2638,1242,571,128,7,443,286,881,796,6
Fußball-Bundesliga,M,GER,2019,vs Leverkusen,opponent,21,34,607,394,286,270,51,203,604,33.6,401,6747,1610,23.9,2224,3231,1292,603,118,3,485,358,965,843,8
Fußball-Bundesliga,M,GER,2019,vs M'Gladbach,opponent,22,34,520,319,274,196,50,172,518,33.2,346,5561,1390,25,1730,2570,1261,511,129,5,382,320,840,650,5
Fußball-Bundesliga,M,GER,2019,vs Mainz 05,opponent,28,34,626,393,308,250,68,219,604,36.3,385,4932,1391,28.2,1784,2174,974,546,122,2,424,256,882,849,4
Fußball-Bundesliga,M,GER,2019,vs Nürnberg,opponent,27,34,495,313,203,211,81,177,498,35.5,321,4478,1245,27.8,1168,1995,1315,454,100,0,354,256,751,808,6
Fußball-Bundesliga,M,GER,2019,vs RB Leipzig,opponent,23,34,616,362,324,227,65,208,593,35.1,385,4993,1505,30.1,1996,2243,754,570,113,2,457,330,946,818,11
Fußball-Bundesliga,M,GER,2019,vs Schalke 04,opponent,32,34,604,388,305,246,53,194,619,31.3,425,5078,1411,27.8,1546,2419,1113,470,99,1,371,256,860,708,6
Fußball-Bundesliga,M,GER,2019,vs Stuttgart,opponent,26,34,497,314,265,190,42,157,453,34.7,296,4583,1304,28.5,1357,2156,1070,512,100,2,412,219,716,824,8
Fußball-Bundesliga,M,GER,2019,vs Werder Bremen,opponent,24,34,510,349,273,196,41,138,430,32.1,292,5487,1525,27.8,1903,2555,1029,611,111,4,500,332,842,826,10
Fußball-Bundesliga,M,GER,2019,vs Wolfsburg,opponent,25,34,545,339,276,195,74,155,476,32.6,321,5523,1448,26.2,1735,2466,1322,554,105,3,449,297,842,807,8
Fußball-Bundesliga,M,GER,2018,Augsburg,team,27,34,605,392,304,242,59,201,562,35.8,361,5319,1525,28.7,1700,2445,1174,513,111,2,402,316,921,931,10
Fußball-Bundesliga,M,GER,2018,Bayern Munich,team,28,34,523,343,241,207,75,185,478,38.7,293,4692,1626,34.7,1302,2114,1276,420,85,4,335,272,795,548,3
Fußball-Bundesliga,M,GER,2018,Dortmund,team,30,34,601,395,279,251,71,178,518,34.4,340,5218,1654,31.7,1632,2310,1276,486,81,0,405,274,875,784,7
Fußball-Bundesliga,M,GER,2018,Eint Frankfurt,team,28,34,615,414,276,271,68,196,561,34.9,365,5946,1802,30.3,1786,2837,1323,561,108,5,453,292,907,832,6
Fußball-Bundesliga,M,GER,2018,Freiburg,team,29,34,543,334,262,233,48,167,491,34,324,6041,1584,26.2,1900,2891,1250,522,125,1,397,255,798,1031,10
Fußball-Bundesliga,M,GER,2018,Hamburger SV,team,29,34,644,394,334,250,60,194,620,31.3,426,5765,1809,31.4,1865,2659,1241,587,118,3,469,247,891,848,8
Fußball-Bundesliga,M,GER,2018,Hannover 96,team,26,34,619,365,333,230,56,207,683,30.3,476,5860,1711,29.2,2061,2718,1081,590,142,4,448,283,902,1024,8
Fußball-Bundesliga,M,GER,2018,Hertha BSC,team,25,34,588,358,293,247,48,159,446,35.7,287,6162,1636,26.5,2121,2937,1104,544,103,5,441,301,889,1010,6
Fußball-Bundesliga,M,GER,2018,Hoffenheim,team,26,34,617,390,291,259,67,194,559,34.7,365,6022,1813,30.1,2027,2890,1105,528,106,2,422,271,888,680,9
Fußball-Bundesliga,M,GER,2018,Köln,team,31,34,605,390,316,240,49,184,551,33.4,367,5574,1539,27.6,2125,2480,969,547,126,6,421,278,883,839,4
Fußball-Bundesliga,M,GER,2018,Leverkusen,team,24,34,560,371,273,229,58,207,591,35,384,5569,1761,31.6,1694,2728,1147,544,90,3,454,263,823,646,7
Fußball-Bundesliga,M,GER,2018,M'Gladbach,team,27,34,597,385,302,229,66,208,532,39.1,324,5136,1434,27.9,1701,2403,1032,562,114,3,448,250,847,805,8
Fußball-Bundesliga,M,GER,2018,Mainz 05,team,27,34,626,413,303,249,74,174,539,32.3,365,5876,1753,29.8,1910,2651,1315,616,126,4,490,300,926,905,7
Fußball-Bundesliga,M,GER,2018,RB Leipzig,team,23,34,605,373,286,238,81,181,575,31.5,394,5322,1716,32.2,1565,2493,1264,577,96,1,481,279,884,810,8
Fußball-Bundesliga,M,GER,2018,Schalke 04,team,24,34,670,434,314,282,74,205,581,35.3,376,5759,1753,30.4,1691,2782,1286,579,95,2,484,315,985,764,6
Fußball-Bundesliga,M,GER,2018,Stuttgart,team,26,34,606,388,311,235,60,187,507,36.9,320,6030,1745,28.9,1976,2823,1231,560,116,3,444,302,908,806,10
Fußball-Bundesliga,M,GER,2018,Werder Bremen,team,25,34,571,353,290,224,57,185,532,34.8,347,5351,1505,28.1,1616,2673,1062,428,87,1,341,282,853,836,6
Fußball-Bundesliga,M,GER,2018,Wolfsburg,team,29,34,528,325,292,184,52,163,490,33.3,327,5173,1431,27.7,1843,2320,1010,510,124,4,386,258,786,839,5
Fußball-Bundesliga,M,GER,2018,vs Augsburg,opponent,27,34,504,305,248,203,53,136,418,32.5,282,5022,1607,32,1685,2202,1135,546,99,1,447,251,755,922,9
Fußball-Bundesliga,M,GER,2018,vs Bayern Munich,opponent,28,34,554,340,323,185,46,166,529,31.4,363,7202,1554,21.6,2813,3115,1274,520,132,5,388,310,864,839,6
Fußball-Bundesliga,M,GER,2018,vs Dortmund,opponent,30,34,620,392,322,246,52,207,622,33.3,415,5807,1555,26.8,2114,2795,898,513,126,5,387,269,889,938,14
Fußball-Bundesliga,M,GER,2018,vs Eint Frankfurt,opponent,28,34,600,385,320,220,60,195,534,36.5,339,5131,1666,32.5,1652,2435,1044,545,91,1,454,278,878,861,14
Fußball-Bundesliga,M,GER,2018,vs Freiburg,opponent,29,34,522,355,219,236,67,156,459,34,303,5204,1666,32,1332,2441,1431,537,105,2,432,220,742,776,4
Fußball-Bundesliga,M,GER,2018,vs Hamburger SV,opponent,29,34,700,389,372,254,74,203,571,35.6,368,5733,1829,31.9,1983,2650,1100,616,113,3,503,286,986,1010,5
Fußball-Bundesliga,M,GER,2018,vs Hannover 96,opponent,26,34,576,373,249,241,86,178,503,35.4,325,4882,1635,33.5,1457,2166,1259,552,111,0,441,259,835,862,2
Fußball-Bundesliga,M,GER,2018,vs Hertha BSC,opponent,25,34,531,338,259,224,48,189,512,36.9,323,5243,1587,30.3,1580,2557,1106,481,70,1,411,254,785,830,5
Fußball-Bundesliga,M,GER,2018,vs Hoffenheim,opponent,26,34,618,396,299,256,63,179,514,34.8,335,5829,1681,28.8,1683,2742,1404,532,135,3,397,297,915,804,9
Fußball-Bundesliga,M,GER,2018,vs Köln,opponent,31,34,517,339,250,210,57,176,477,36.9,301,5195,1551,29.9,1649,2482,1064,546,102,1,444,274,791,904,10
Fußball-Bundesliga,M,GER,2018,vs Leverkusen,opponent,24,34,633,413,304,255,74,168,632,26.6,464,6360,1747,27.5,1993,2984,1383,612,134,3,478,340,973,819,12
Fußball-Bundesliga,M,GER,2018,vs M'Gladbach,opponent,27,34,628,395,317,252,59,178,598,29.8,420,6169,1740,28.2,2076,2864,1229,558,127,5,431,261,889,786,3
Fußball-Bundesliga,M,GER,2018,vs Mainz 05,opponent,27,34,664,433,316,270,78,223,585,38.1,362,5496,1772,32.2,1688,2576,1232,478,89,1,389,307,971,753,3
Fußball-Bundesliga,M,GER,2018,vs RB Leipzig,opponent,23,34,737,460,379,288,70,267,772,34.6,505,6132,1885,30.7,2159,3009,964,588,118,3,470,360,1097,859,7
Fußball-Bundesliga,M,GER,2018,vs Schalke 04,opponent,24,34,636,415,313,271,52,215,626,34.3,411,5490,1607,29.3,1642,2602,1246,466,85,2,381,250,886,665,6
Fußball-Bundesliga,M,GER,2018,vs Stuttgart,opponent,26,34,533,353,256,215,62,189,480,39.4,291,4955,1424,28.7,1599,2302,1054,485,94,4,391,285,818,826,7
Fußball-Bundesliga,M,GER,2018,vs Werder Bremen,opponent,25,34,591,378,305,232,54,171,478,35.8,307,5483,1730,31.6,1791,2607,1085,641,130,11,511,292,883,821,7
Fußball-Bundesliga,M,GER,2018,vs Wolfsburg,opponent,29,34,559,358,249,242,68,179,506,35.4,327,5482,1561,28.5,1619,2625,1238,458,92,2,366,245,804,663,5
Serie A,M,ITA,2020,Atalanta,team,30,38,702,445,313,294,95,290,775,37.4,485,5978,1870,31.3,1674,2939,1365,607,125,3,482,252,954,847,9
Serie A,M,ITA,2020,Bologna,team,31,38,619,399,283,257,79,231,691,33.4,460,6612,1852,28,2121,2948,1543,654,143,6,511,257,876,952,15
Serie A,M,ITA,2020,Brescia,team,32,38,584,353,309,221,54,223,664,33.6,441,6501,1517,23.3,2416,2709,1376,700,196,3,504,245,829,963,14
Serie A,M,ITA,2020,Cagliari,team,33,38,638,409,331,236,71,219,672,32.6,453,5313,1481,27.9,2100,2194,1019,656,200,3,456,255,893,921,10
Serie A,M,ITA,2020,Fiorentina,team,33,38,635,401,349,211,75,184,651,28.3,467,5944,1627,27.4,1968,2581,1395,561,119,0,442,263,898,915,7
Serie A,M,ITA,2020,Genoa,team,34,38,616,391,315,224,77,184,606,30.4,422,6088,1650,27.1,2197,2628,1263,622,163,1,459,311,927,861,12
Serie A,M,ITA,2020,Hellas Verona,team,30,38,549,345,271,209,69,185,544,34,359,5569,1634,29.3,1998,2327,1244,597,190,3,407,279,828,1035,9
Serie A,M,ITA,2020,Inter,team,29,38,576,373,239,246,91,200,633,31.6,433,5524,1513,27.4,1697,2372,1455,600,141,2,459,260,836,741,6
Serie A,M,ITA,2020,Juventus,team,30,38,624,382,273,232,119,208,597,34.8,389,5218,1480,28.4,1400,2341,1477,608,143,4,465,269,893,709,15
Serie A,M,ITA,2020,Lazio,team,27,38,641,404,316,246,79,218,693,31.5,475,5603,1601,28.6,2018,2338,1247,582,160,2,422,244,885,765,8
Serie A,M,ITA,2020,Lecce,team,30,38,575,385,309,201,65,211,682,30.9,471,5378,1345,25,2150,2234,994,625,170,5,455,266,841,894,12
Serie A,M,ITA,2020,Milan,team,32,38,648,411,305,260,83,206,652,31.6,446,6213,1744,28.1,1924,2842,1447,574,121,3,453,324,972,696,12
Serie A,M,ITA,2020,Napoli,team,25,38,576,377,260,226,90,216,597,36.2,381,5574,1572,28.2,1549,2425,1600,536,104,5,432,192,768,566,9
Serie A,M,ITA,2020,Parma,team,25,38,644,405,350,230,64,244,741,32.9,497,6213,1645,26.5,2482,2604,1127,683,200,1,483,264,908,971,10
Serie A,M,ITA,2020,Roma,team,31,38,551,341,239,215,97,175,539,32.5,364,5080,1461,28.8,1592,2332,1156,531,117,2,414,235,786,771,19
Serie A,M,ITA,2020,Sampdoria,team,31,38,651,411,300,256,95,218,668,32.6,450,5978,1563,26.1,1910,2725,1343,622,130,2,492,288,939,902,11
Serie A,M,ITA,2020,Sassuolo,team,31,38,638,394,312,231,95,222,589,37.7,367,5467,1625,29.7,1882,2271,1314,619,151,2,468,248,886,678,12
Serie A,M,ITA,2020,SPAL,team,34,38,604,356,319,212,73,196,591,33.2,395,5605,1450,25.9,1970,2458,1177,579,182,4,397,250,854,893,13
Serie A,M,ITA,2020,Torino,team,27,38,661,401,335,248,78,215,611,35.2,396,5723,1536,26.8,2067,2421,1235,715,186,0,529,339,1000,1059,13
Serie A,M,ITA,2020,Udinese,team,25,38,655,395,363,222,70,242,666,36.3,424,6284,1674,26.6,2494,2594,1196,652,183,0,469,264,919,870,9
Serie A,M,ITA,2020,vs Atalanta,opponent,30,38,721,442,405,249,67,257,698,36.8,441,6517,1795,27.5,2571,2781,1165,663,182,4,481,279,1000,903,16
Serie A,M,ITA,2020,vs Bologna,opponent,31,38,697,456,386,245,66,257,718,35.8,461,6023,1696,28.2,2242,2606,1175,670,176,2,494,283,980,882,12
Serie A,M,ITA,2020,vs Brescia,opponent,32,38,566,368,258,215,93,175,518,33.8,343,5256,1580,30.1,1694,2196,1366,571,113,3,458,273,839,763,11
Serie A,M,ITA,2020,vs Cagliari,opponent,33,38,618,373,265,264,89,175,565,31,390,5178,1443,27.9,1560,2397,1221,542,109,0,433,235,853,901,5
Serie A,M,ITA,2020,vs Fiorentina,opponent,33,38,690,436,315,281,94,226,727,31.1,501,5832,1663,28.5,1998,2633,1201,592,152,2,440,243,933,851,12
Serie A,M,ITA,2020,vs Genoa,opponent,34,38,657,407,312,249,96,223,614,36.3,391,5815,1645,28.3,1732,2548,1535,606,127,1,479,235,892,893,7
Serie A,M,ITA,2020,vs Hellas Verona,opponent,30,38,548,337,265,215,68,214,619,34.6,405,5587,1610,28.8,1839,2623,1125,623,118,2,505,262,810,878,10
Serie A,M,ITA,2020,vs Inter,opponent,29,38,533,340,292,184,57,163,522,31.2,359,5798,1561,26.9,2057,2435,1306,715,189,2,526,304,837,895,16
Serie A,M,ITA,2020,vs Juventus,opponent,30,38,599,367,314,223,62,219,690,31.7,471,6229,1404,22.5,2304,2743,1182,693,209,5,484,271,870,764,9
Serie A,M,ITA,2020,vs Lazio,opponent,27,38,570,368,303,186,81,198,634,31.2,436,5642,1496,26.5,2007,2317,1318,603,147,2,456,297,867,835,16
Serie A,M,ITA,2020,vs Lecce,opponent,30,38,525,333,235,220,70,161,509,31.6,348,5261,1505,28.6,1624,2228,1409,603,149,3,454,253,778,722,16
Serie A,M,ITA,2020,vs Milan,opponent,32,38,669,423,341,233,95,225,705,31.9,480,6101,1652,27.1,2237,2653,1211,649,205,4,444,313,982,884,16
Serie A,M,ITA,2020,vs Napoli,opponent,25,38,559,340,307,179,73,214,631,33.9,417,6796,1622,23.9,2454,2862,1480,693,176,2,517,294,853,840,7
Serie A,M,ITA,2020,vs Parma,opponent,25,38,636,397,287,266,83,240,660,36.4,420,5083,1527,30,1670,2173,1240,510,113,3,397,286,922,794,11
Serie A,M,ITA,2020,vs Roma,opponent,31,38,588,356,301,204,83,229,692,33.1,463,5938,1512,25.5,2127,2521,1290,651,204,5,447,250,838,883,15
Serie A,M,ITA,2020,vs Sampdoria,opponent,31,38,586,355,279,235,72,205,569,36,364,5196,1617,31.1,1805,2232,1159,598,164,2,434,250,836,1020,11
Serie A,M,ITA,2020,vs Sassuolo,opponent,31,38,708,454,340,266,102,248,795,31.2,547,6862,1742,25.4,2301,2999,1562,610,176,2,434,324,1032,716,10
Serie A,M,ITA,2020,vs SPAL,opponent,34,38,607,394,280,245,82,190,601,31.6,411,5859,1613,27.5,1882,2546,1431,583,139,3,444,174,781,871,5
Serie A,M,ITA,2020,vs Torino,opponent,27,38,716,458,345,270,101,254,784,32.4,530,5487,1573,28.7,1808,2399,1280,578,138,1,440,245,961,888,10
Serie A,M,ITA,2020,vs Udinese,opponent,25,38,594,374,261,248,85,214,611,35,397,5405,1584,29.3,1697,2391,1317,570,138,3,432,234,828,826,10
Serie A,M,ITA,2019,Atalanta,team,27,38,708,470,337,284,87,286,718,39.8,432,5905,1777,30.1,1747,2780,1378,575,104,2,471,405,1113,749,9
Serie A,M,ITA,2019,Bologna,team,29,38,692,420,379,235,78,241,675,35.7,434,6892,1768,25.7,2466,3025,1401,645,159,2,486,312,1004,843,16
Serie A,M,ITA,2019,Cagliari,team,30,38,651,421,293,250,108,222,624,35.6,402,5728,1482,25.9,1894,2399,1435,604,133,1,471,257,908,858,12
Serie A,M,ITA,2019,Chievo,team,36,38,687,460,354,257,76,249,711,35,462,7284,1728,23.7,2467,3369,1448,608,135,2,473,362,1049,955,12
Serie A,M,ITA,2019,Empoli,team,29,38,590,372,286,222,82,193,547,35.3,354,6206,1535,24.7,2292,2665,1249,555,148,4,407,270,860,758,5
Serie A,M,ITA,2019,Fiorentina,team,27,38,621,404,295,262,64,213,574,37.1,361,5521,1467,26.6,1800,2550,1171,594,136,3,458,326,947,901,8
Serie A,M,ITA,2019,Frosinone,team,33,38,596,385,336,197,63,206,603,34.2,397,6617,1627,24.6,2639,2747,1231,563,155,0,408,341,937,961,6
Serie A,M,ITA,2019,Genoa,team,31,38,740,470,374,277,89,285,686,41.5,401,6258,1638,26.2,2100,2787,1371,541,126,3,415,342,1082,965,7
Serie A,M,ITA,2019,Inter,team,23,38,640,401,284,254,102,232,664,34.9,432,5944,1641,27.6,1576,2624,1744,519,121,1,398,271,911,635,6
Serie A,M,ITA,2019,Juventus,team,31,38,583,383,270,227,86,213,577,36.9,364,5679,1494,26.3,1683,2559,1437,534,140,3,394,329,912,655,11
Serie A,M,ITA,2019,Lazio,team,30,38,671,434,308,273,90,238,693,34.3,455,5778,1619,28,1899,2642,1237,615,154,0,461,367,1038,734,10
Serie A,M,ITA,2019,Milan,team,23,38,684,453,359,238,87,252,708,35.6,456,6489,1714,26.4,2201,2873,1415,585,124,2,461,286,970,842,14
Serie A,M,ITA,2019,Napoli,team,26,38,657,446,280,266,111,253,690,36.7,437,6255,1634,26.1,1639,2807,1809,522,114,3,408,262,919,554,4
Serie A,M,ITA,2019,Parma,team,31,38,581,366,334,196,51,195,626,31.2,431,6728,1538,22.9,2930,2687,1111,686,189,4,497,314,895,1132,9
Serie A,M,ITA,2019,Roma,team,26,38,543,351,239,221,83,220,646,34.1,426,5885,1482,25.2,1857,2701,1327,571,168,0,403,325,868,839,10
Serie A,M,ITA,2019,Sampdoria,team,24,38,668,411,310,258,100,245,648,37.8,403,6143,1572,25.6,1706,2757,1680,620,128,0,492,224,892,770,11
Serie A,M,ITA,2019,Sassuolo,team,29,38,577,378,310,198,69,184,527,34.9,343,5512,1437,26.1,1939,2312,1261,522,121,6,401,299,876,808,12
Serie A,M,ITA,2019,SPAL,team,28,38,613,389,335,212,66,244,619,39.4,375,5607,1381,24.6,2135,2418,1054,607,157,2,450,319,932,859,10
Serie A,M,ITA,2019,Torino,team,25,38,683,469,308,283,92,206,589,35,383,5915,1733,29.3,1914,2744,1257,689,130,2,559,389,1072,850,6
Serie A,M,ITA,2019,Udinese,team,32,38,694,427,381,243,70,268,684,39.2,416,6251,1470,23.5,2381,2838,1032,683,168,3,515,344,1038,1019,7
Serie A,M,ITA,2019,vs Atalanta,opponent,27,38,792,493,456,271,65,286,809,35.4,523,7700,1863,24.2,2947,3301,1452,673,171,5,502,382,1174,857,12
Serie A,M,ITA,2019,vs Bologna,opponent,29,38,676,440,323,264,89,264,614,43,350,5767,1583,27.4,1969,2499,1299,614,134,5,480,262,938,849,6
Serie A,M,ITA,2019,vs Cagliari,opponent,30,38,578,379,274,234,70,190,473,40.2,283,5919,1661,28.1,1933,2698,1288,576,107,1,469,300,878,963,4
Serie A,M,ITA,2019,vs Chievo,opponent,36,38,587,390,269,245,73,156,449,34.7,293,5441,1524,28,1642,2483,1316,537,103,2,434,310,897,649,6
Serie A,M,ITA,2019,vs Empoli,opponent,29,38,603,390,318,219,66,216,609,35.5,393,6092,1605,26.3,2133,2620,1339,587,136,1,451,326,929,745,10
Serie A,M,ITA,2019,vs Fiorentina,opponent,27,38,721,460,358,278,85,238,641,37.1,403,5479,1499,27.4,1887,2485,1107,571,151,2,420,290,1011,903,13
Serie A,M,ITA,2019,vs Frosinone,opponent,33,38,553,361,232,240,81,205,510,40.2,305,5135,1535,29.9,1347,2312,1476,598,120,1,478,258,811,895,6
Serie A,M,ITA,2019,vs Genoa,opponent,31,38,569,361,293,219,57,184,573,32.1,389,5461,1502,27.5,2065,2317,1079,565,144,0,421,287,856,1018,3
Serie A,M,ITA,2019,vs Inter,opponent,23,38,563,337,305,197,61,183,549,33.3,366,6890,1514,22,2488,2906,1496,657,172,4,485,334,897,1007,16
Serie A,M,ITA,2019,vs Juventus,opponent,31,38,649,420,322,228,99,299,774,38.6,475,6220,1373,22.1,2271,2699,1250,558,158,1,400,355,1004,798,14
Serie A,M,ITA,2019,vs Lazio,opponent,30,38,642,399,334,227,81,263,693,38,430,6369,1623,25.5,2269,2780,1320,587,172,4,415,380,1022,912,11
Serie A,M,ITA,2019,vs Milan,opponent,23,38,645,436,321,241,83,226,686,32.9,460,6584,1503,22.8,2199,2883,1502,590,171,3,419,353,998,809,6
Serie A,M,ITA,2019,vs Napoli,opponent,26,38,599,390,321,191,87,249,705,35.3,456,6847,1638,23.9,2470,3004,1373,655,178,2,477,356,955,776,12
Serie A,M,ITA,2019,vs Parma,opponent,31,38,653,436,296,236,121,253,644,39.3,391,5160,1620,31.4,1481,2342,1337,514,100,2,414,278,931,676,10
Serie A,M,ITA,2019,vs Roma,opponent,26,38,662,424,353,237,72,284,783,36.3,499,6887,1739,25.3,2490,3051,1346,585,152,3,433,326,988,894,11
Serie A,M,ITA,2019,vs Sampdoria,opponent,24,38,678,464,339,253,86,213,613,34.7,400,6674,1750,26.2,2099,3031,1544,635,125,1,510,439,1117,804,12
Serie A,M,ITA,2019,vs Sassuolo,opponent,29,38,671,410,309,267,95,260,754,34.5,494,6372,1442,22.6,1898,2901,1573,626,147,1,479,327,998,751,10
Serie A,M,ITA,2019,vs SPAL,opponent,28,38,622,416,284,246,92,195,570,34.2,375,6367,1656,26,1981,2843,1543,583,123,2,460,281,903,747,5
Serie A,M,ITA,2019,vs Torino,opponent,25,38,763,482,396,273,94,267,723,36.9,456,5934,1592,26.8,2121,2615,1198,591,123,0,468,245,1008,884,12
Serie A,M,ITA,2019,vs Udinese,opponent,32,38,653,422,269,287,97,214,637,33.6,423,5299,1515,28.6,1575,2514,1210,536,123,3,413,255,908,750,6
Serie A,M,ITA,2018,Atalanta,team,25,38,762,469,354,325,83,217,702,30.9,485,6213,1985,31.9,1864,3021,1328,612,116,0,496,338,1100,883,4
Serie A,M,ITA,2018,Benevento,team,41,38,634,409,351,217,66,198,645,30.7,447,5613,1574,28,2231,2357,1025,568,150,2,418,300,934,751,13
Serie A,M,ITA,2018,Bologna,team,30,38,706,446,373,260,73,269,687,39.2,418,6239,1749,28,2441,2703,1095,659,132,2,527,248,954,933,5
Serie A,M,ITA,2018,Cagliari,team,29,38,729,442,377,265,87,197,616,32,419,5851,1743,29.8,2124,2523,1204,567,127,1,440,273,1002,981,7
Serie A,M,ITA,2018,Chievo,team,25,38,651,391,325,237,89,219,639,34.3,420,6246,1601,25.6,2281,2672,1293,682,175,2,507,303,954,1054,5
Serie A,M,ITA,2018,Crotone,team,29,38,691,409,338,269,84,189,683,27.7,494,6270,1613,25.7,2166,2881,1223,666,137,3,529,362,1053,1079,12
Serie A,M,ITA,2018,Fiorentina,team,27,38,782,496,365,299,118,234,697,33.6,463,6122,1846,30.2,1833,2801,1488,641,88,2,553,334,1116,864,8
Serie A,M,ITA,2018,Genoa,team,33,38,603,407,303,240,60,178,566,31.4,388,6025,1739,28.9,2119,2821,1085,561,126,4,435,306,909,882,12
Serie A,M,ITA,2018,Hellas Verona,team,32,38,711,446,377,255,79,224,671,33.4,447,5655,1513,26.8,2125,2465,1065,600,164,6,436,340,1051,1014,11
Serie A,M,ITA,2018,Inter,team,22,38,694,443,350,266,78,243,664,36.6,421,5815,1650,28.4,1775,2562,1478,532,123,1,409,262,956,749,6
Serie A,M,ITA,2018,Juventus,team,24,38,585,370,261,225,99,164,508,32.3,344,5155,1446,28.1,1631,2292,1232,492,84,1,408,283,868,606,7
Serie A,M,ITA,2018,Lazio,team,24,38,657,437,306,278,73,205,661,31,456,5547,1784,32.2,1804,2519,1224,589,114,3,475,316,973,603,7
Serie A,M,ITA,2018,Milan,team,23,38,530,347,238,208,84,170,535,31.8,365,5483,1482,27,1640,2514,1329,584,120,3,464,263,793,637,6
Serie A,M,ITA,2018,Napoli,team,23,38,656,426,231,323,102,200,646,31,446,6059,1820,30,1191,2780,2088,497,77,1,420,262,918,471,3
Serie A,M,ITA,2018,Roma,team,27,38,576,383,254,215,107,176,507,34.7,331,5051,1489,29.5,1389,2180,1482,539,119,4,420,287,863,626,13
Serie A,M,ITA,2018,Sampdoria,team,27,38,672,415,281,281,110,241,687,35.1,446,5783,1628,28.2,1595,2459,1729,645,126,3,519,264,936,752,10
Serie A,M,ITA,2018,Sassuolo,team,28,38,608,389,310,212,86,205,648,31.6,443,6254,1722,27.5,2054,2764,1436,620,112,0,508,313,921,921,12
Serie A,M,ITA,2018,SPAL,team,29,38,675,423,344,262,69,223,649,34.4,426,5340,1463,27.4,2143,2270,927,590,162,1,428,332,1007,903,8
Serie A,M,ITA,2018,Torino,team,27,38,616,366,304,238,74,173,508,34.1,335,5660,1615,28.5,1854,2525,1281,547,120,2,427,314,930,871,10
Serie A,M,ITA,2018,Udinese,team,27,38,654,407,348,238,68,209,622,33.6,413,6107,1674,27.4,2218,2746,1143,680,164,7,516,283,937,1001,7
Serie A,M,ITA,2018,vs Atalanta,opponent,25,38,770,484,404,289,77,217,739,29.4,522,6744,1885,28,2468,2962,1314,674,167,2,507,400,1170,867,10
Serie A,M,ITA,2018,vs Benevento,opponent,41,38,702,420,313,265,124,232,747,31.1,515,6212,1736,27.9,1709,2827,1676,553,122,3,431,266,968,678,3
Serie A,M,ITA,2018,vs Bologna,opponent,30,38,661,397,281,266,114,202,632,32,430,5994,1734,28.9,1744,2765,1485,563,106,4,457,276,937,805,10
Serie A,M,ITA,2018,vs Cagliari,opponent,29,38,558,343,255,227,76,165,482,34.2,317,5066,1562,30.8,1436,2327,1303,542,105,1,437,260,818,1034,6
Serie A,M,ITA,2018,vs Chievo,opponent,25,38,586,394,259,252,75,169,476,35.5,307,5074,1506,29.7,1688,2193,1193,504,90,2,414,263,849,984,6
Serie A,M,ITA,2018,vs Crotone,opponent,29,38,583,387,260,231,92,184,502,36.7,318,4611,1657,35.9,1395,2143,1073,570,91,3,479,251,834,839,8
Serie A,M,ITA,2018,vs Fiorentina,opponent,27,38,711,453,359,284,68,237,653,36.3,416,5916,1702,28.8,1959,2723,1234,618,156,3,462,283,994,957,9
Serie A,M,ITA,2018,vs Genoa,opponent,33,38,604,369,280,242,82,157,534,29.4,377,5048,1547,30.6,1608,2240,1200,590,110,2,480,303,907,839,6
Serie A,M,ITA,2018,vs Hellas Verona,opponent,32,38,685,434,325,270,90,222,690,32.2,468,5409,1686,31.2,1638,2382,1389,566,112,0,454,266,951,674,6
Serie A,M,ITA,2018,vs Inter,opponent,22,38,596,384,291,232,73,229,665,34.4,436,6429,1559,24.2,2146,2903,1380,621,131,4,490,346,942,942,7
Serie A,M,ITA,2018,vs Juventus,opponent,24,38,647,406,318,249,80,212,696,30.5,484,6648,1675,25.2,2148,2996,1504,573,148,3,425,277,924,722,13
Serie A,M,ITA,2018,vs Lazio,opponent,24,38,700,447,360,248,92,249,750,33.2,501,6161,1811,29.4,2183,2527,1451,626,122,3,504,337,1037,735,11
Serie A,M,ITA,2018,vs Milan,opponent,23,38,547,340,274,217,56,134,478,28,344,6257,1505,24.1,2197,2742,1318,616,157,2,459,325,872,859,10
Serie A,M,ITA,2018,vs Napoli,opponent,23,38,679,450,370,244,65,275,696,39.5,421,6869,1746,25.4,2509,3138,1222,661,142,4,519,475,1154,800,10
Serie A,M,ITA,2018,vs Roma,opponent,27,38,706,443,380,243,83,239,714,33.5,475,6269,1616,25.8,2333,2733,1203,690,172,4,518,327,1033,842,15
Serie A,M,ITA,2018,vs Sampdoria,opponent,27,38,733,471,349,301,83,214,663,32.3,449,6039,1782,29.5,2054,2810,1175,605,132,3,473,329,1062,932,10
Serie A,M,ITA,2018,vs Sassuolo,opponent,28,38,659,436,341,239,79,179,549,32.6,370,5168,1621,31.4,2000,2032,1136,632,142,2,490,266,925,831,9
Serie A,M,ITA,2018,vs SPAL,opponent,29,38,620,391,296,242,82,168,603,27.9,435,5541,1575,28.4,1685,2551,1305,545,108,0,437,208,828,783,3
Serie A,M,ITA,2018,vs Torino,opponent,27,38,781,463,365,300,116,243,720,33.8,477,6257,1749,28,2052,2649,1556,599,117,3,482,271,1052,646,8
Serie A,M,ITA,2018,vs Udinese,opponent,27,38,664,409,310,272,82,207,552,37.5,345,4776,1482,31,1526,2212,1038,523,106,0,417,254,918,812,6
