competition_name,gender,country,season_end_year,squad,team_or_opponent,num_players,mins_per_90,cmp_total,att_total,cmp_percent_total,tot_dist_total,prg_dist_total,cmp_short,att_short,cmp_percent_short,cmp_medium,att_medium,cmp_percent_medium,cmp_long,att_long,cmp_percent_long,ast,x_a,a_minus_x_a,kp,final_third,ppa,crs_pa,prog
Premier League,M,ENG,2020,Arsenal,team,29,38,16349,19802,82.6,321220,94865,6299,7029,89.6,7392,8306,89,2428,3776,64.3,35,29.9,5.1,285,1121,320,70,1240
Premier League,M,ENG,2020,Aston Villa,team,28,38,11530,15353,75.1,242867,87449,4292,4999,85.9,4958,5923,83.7,2084,3846,54.2,32,30.4,1.6,361,891,286,95,1034
Premier League,M,ENG,2020,Bournemouth,team,27,38,11943,15973,74.8,234473,86377,4779,5647,84.6,5158,6227,82.8,1773,3382,52.4,24,27.4,-3.4,267,900,258,53,1069
Premier League,M,ENG,2020,Brighton,team,25,38,15696,19549,80.3,317859,103840,5976,6845,87.3,7011,8038,87.2,2509,4013,62.5,24,26.5,-2.5,327,1091,310,85,1301
Premier League,M,ENG,2020,Burnley,team,22,38,9925,14227,69.8,203008,78549,4182,4902,85.3,3740,4775,78.3,1773,3907,45.4,30,27.2,2.8,263,778,208,78,814
Premier League,M,ENG,2020,Chelsea,team,27,38,20665,24532,84.2,404119,114240,8080,9028,89.5,9196,10285,89.4,3033,4405,68.9,46,46.2,-0.2,453,1482,429,105,1520
Premier League,M,ENG,2020,Crystal Palace,team,25,38,12142,15940,76.2,235605,89747,5127,5936,86.4,4899,5840,83.9,1819,3435,53,20,23.6,-3.6,253,861,256,57,1040
Premier League,M,ENG,2020,Everton,team,24,38,13239,17176,77.1,281798,100680,4698,5554,84.6,5951,6984,85.2,2403,3983,60.3,32,30.9,1.1,316,1033,297,85,1259
Premier League,M,ENG,2020,Leicester City,team,24,38,17329,21149,81.9,333434,103827,6970,7807,89.3,7766,8836,87.9,2322,3761,61.7,48,44,4,398,1237,323,84,1336
Premier League,M,ENG,2020,Liverpool,team,24,38,20887,25110,83.2,425217,125713,7701,8605,89.5,9515,10702,88.9,3383,5042,67.1,69,51.8,17.2,436,1734,501,101,1816
Premier League,M,ENG,2020,Manchester City,team,24,38,24266,27673,87.7,471127,125662,9543,10428,91.5,11061,12080,91.6,3369,4392,76.7,69,66.2,2.8,558,1916,598,96,2005
Premier League,M,ENG,2020,Manchester Utd,team,29,38,17542,21170,82.9,324919,97629,7733,8627,89.6,7370,8365,88.1,2155,3392,63.5,43,37,6,401,1362,353,53,1500
Premier League,M,ENG,2020,Newcastle Utd,team,28,38,10500,14206,73.9,217402,81724,4147,4810,86.2,4350,5309,81.9,1804,3514,51.3,29,23.2,5.8,293,762,188,67,754
Premier League,M,ENG,2020,Norwich City,team,30,38,14610,18286,79.9,270287,88230,6655,7458,89.2,5745,6622,86.8,1901,3446,55.2,18,26.1,-8.1,299,881,224,42,997
Premier League,M,ENG,2020,Sheffield Utd,team,26,38,12052,16407,73.5,243270,85855,5164,5949,86.8,4675,5733,81.5,1982,4008,49.5,25,31.5,-6.5,266,995,292,92,1059
Premier League,M,ENG,2020,Southampton,team,25,38,12481,16900,73.9,239345,84525,5388,6315,85.3,5106,6298,81.1,1711,3587,47.7,32,31.4,0.6,333,981,304,70,1118
Premier League,M,ENG,2020,Tottenham,team,29,38,15794,19704,80.2,306185,94530,6427,7257,88.6,6887,7937,86.8,2215,3787,58.5,39,30.8,8.2,327,1142,302,50,1281
Premier League,M,ENG,2020,Watford,team,26,38,11207,15409,72.7,221919,84872,4852,5744,84.5,4284,5334,80.3,1791,3640,49.2,21,28.2,-7.2,287,888,268,80,986
Premier League,M,ENG,2020,West Ham,team,29,38,12388,16488,75.1,240804,90754,5516,6384,86.4,4620,5666,81.5,1949,3610,54,36,31.8,4.2,318,972,259,85,1050
Premier League,M,ENG,2020,Wolves,team,21,38,14072,17895,78.6,297687,97790,5172,5988,86.4,6003,7071,84.9,2685,4175,64.3,34,32.3,1.7,327,1015,229,82,1080
Premier League,M,ENG,2020,vs Arsenal,opponent,29,38,13754,17221,79.9,274662,92749,5567,6276,88.7,5817,6717,86.6,2150,3558,60.4,30,35.8,-5.8,396,1088,314,84,1132
Premier League,M,ENG,2020,vs Aston Villa,opponent,28,38,15965,19746,80.9,313110,105065,6587,7411,88.9,6737,7716,87.3,2360,3862,61.1,44,44.3,-0.3,443,1301,419,85,1515
Premier League,M,ENG,2020,vs Bournemouth,opponent,27,38,16582,20748,79.9,330035,101757,6428,7342,87.6,7339,8433,87,2515,4216,59.7,45,38.4,6.6,395,1240,383,91,1422
Premier League,M,ENG,2020,vs Brighton,opponent,25,38,14228,18051,78.8,278474,89795,5930,6765,87.7,5918,6909,85.7,2146,3715,57.8,42,39,3,362,977,319,72,1154
Premier League,M,ENG,2020,vs Burnley,opponent,22,38,15724,20032,78.5,301686,97630,6571,7428,88.5,6674,7820,85.3,2181,3991,54.6,38,33.1,4.9,387,1052,367,94,1292
Premier League,M,ENG,2020,vs Chelsea,opponent,27,38,12299,16131,76.2,244270,85328,4992,5791,86.2,5159,6165,83.7,1926,3508,54.9,36,26,10,232,832,211,64,1000
Premier League,M,ENG,2020,vs Crystal Palace,opponent,25,38,15987,19852,80.5,317866,102400,6411,7253,88.4,6874,7948,86.5,2441,3906,62.5,36,35.5,0.5,379,1324,333,82,1375
Premier League,M,ENG,2020,vs Everton,opponent,24,38,14146,18039,78.4,287628,98805,5445,6259,87,6119,7083,86.4,2321,4009,57.9,39,32,7,309,1048,287,68,1187
Premier League,M,ENG,2020,vs Leicester City,opponent,24,38,12137,16041,75.7,239630,86858,5211,6049,86.1,4737,5768,82.1,1957,3525,55.5,26,28.7,-2.7,282,893,263,72,1040
Premier League,M,ENG,2020,vs Liverpool,opponent,24,38,10739,14771,72.7,213825,79860,4481,5226,85.7,4365,5391,81,1668,3529,47.3,23,29.1,-6.1,247,698,197,63,794
Premier League,M,ENG,2020,vs Manchester City,opponent,24,38,10688,14000,76.3,216048,73388,4244,4851,87.5,4558,5313,85.8,1705,3286,51.9,25,23,2,193,639,185,42,677
Premier League,M,ENG,2020,vs Manchester Utd,opponent,29,38,13013,16853,77.2,257046,87732,5414,6141,88.2,5323,6339,84,2030,3675,55.2,24,24.7,-0.7,266,935,222,53,1002
Premier League,M,ENG,2020,vs Newcastle Utd,opponent,28,38,19265,23041,83.6,378273,112896,7681,8580,89.5,8441,9478,89.1,2868,4290,66.9,38,39.8,-1.8,431,1609,385,88,1544
Premier League,M,ENG,2020,vs Norwich City,opponent,30,38,15279,19132,79.9,306782,99661,6038,6865,88,6446,7517,85.8,2513,3976,63.2,50,39.6,10.4,431,1320,450,99,1419
Premier League,M,ENG,2020,vs Sheffield Utd,opponent,26,38,17700,21964,80.6,353081,105180,6820,7712,88.4,7898,9059,87.2,2717,4493,60.5,28,34,-6,315,1165,268,60,1243
Premier League,M,ENG,2020,vs Southampton,opponent,25,38,13225,17773,74.4,268960,94558,5021,6018,83.4,5772,7089,81.4,2186,3885,56.3,41,34.4,6.6,317,1022,317,78,1204
Premier League,M,ENG,2020,vs Tottenham,opponent,29,38,14460,18298,79,291800,96958,5722,6528,87.7,6088,7090,85.9,2390,3959,60.4,27,33.8,-6.8,383,1180,314,89,1275
Premier League,M,ENG,2020,vs Watford,opponent,26,38,16730,20774,80.5,328087,101364,6776,7704,88,7228,8288,87.2,2472,4085,60.5,37,34.5,2.5,342,1310,309,69,1363
Premier League,M,ENG,2020,vs West Ham,opponent,29,38,17073,20982,81.4,328885,106253,6873,7777,88.4,7530,8552,88,2338,3850,60.7,49,46.1,2.9,380,1281,394,102,1463
Premier League,M,ENG,2020,vs Wolves,opponent,21,38,15623,19500,80.1,302397,98621,6489,7336,88.5,6664,7656,87,2205,3783,58.3,28,24.5,3.5,278,1128,268,75,1158
Premier League,M,ENG,2019,Arsenal,team,28,38,18309,22238,82.3,350027,109920,7348,8303,88.5,8227,9315,88.3,2477,3909,63.4,52,44,8,357,1277,434,71,1557
Premier League,M,ENG,2019,Bournemouth,team,28,38,13459,17433,77.2,264694,98646,5294,6283,84.3,6051,7178,84.3,1957,3419,57.2,43,36.5,6.5,318,1017,358,78,1305
Premier League,M,ENG,2019,Brighton,team,21,38,11577,15706,73.7,245953,91441,4359,5233,83.3,4812,5917,81.3,2207,3995,55.2,24,23.3,0.7,282,893,221,80,928
Premier League,M,ENG,2019,Burnley,team,23,38,10145,14648,69.3,214793,88798,4099,5012,81.8,3937,5047,78,1966,4103,47.9,32,27.3,4.7,251,891,255,86,955
Premier League,M,ENG,2019,Cardiff City,team,25,38,7243,11745,61.7,154712,71766,2970,3901,76.1,2730,3830,71.3,1427,3545,40.3,20,23.1,-3.1,267,757,191,59,805
Premier League,M,ENG,2019,Chelsea,team,24,38,22803,26497,86.1,412143,126634,10383,11457,90.6,9435,10524,89.7,2657,3788,70.1,52,45.7,6.3,471,1767,468,81,1858
Premier League,M,ENG,2019,Crystal Palace,team,26,38,12729,16683,76.3,238091,93739,5712,6665,85.7,5083,6085,83.5,1717,3321,51.7,33,31.5,1.5,355,1002,292,67,1242
Premier League,M,ENG,2019,Everton,team,23,38,13878,18260,76,278144,101941,5541,6557,84.5,5925,7153,82.8,2243,3969,56.5,34,30.2,3.8,341,1198,310,91,1373
Premier League,M,ENG,2019,Fulham,team,28,38,15145,19240,78.7,291406,105290,6456,7345,87.9,6512,7646,85.2,2009,3744,53.7,24,28.8,-4.8,335,1096,248,63,1225
Premier League,M,ENG,2019,Huddersfield,team,31,38,13000,17533,74.1,259930,97688,5324,6317,84.3,5344,6606,80.9,2156,3992,54,13,19.8,-6.8,279,1014,238,94,1089
Premier League,M,ENG,2019,Leicester City,team,25,38,14734,19028,77.4,291114,99445,6059,7097,85.4,6178,7440,83,2306,3880,59.4,34,34.1,-0.1,363,1173,275,69,1308
Premier League,M,ENG,2019,Liverpool,team,23,38,21090,25254,83.5,417026,130704,8108,9120,88.9,9688,10868,89.1,3098,4670,66.3,55,47.7,7.3,417,1731,528,88,1937
Premier League,M,ENG,2019,Manchester City,team,21,38,24603,28124,87.5,460695,127587,10063,10977,91.7,11374,12458,91.3,2926,4075,71.8,71,61.5,9.5,507,2097,593,63,2044
Premier League,M,ENG,2019,Manchester Utd,team,28,38,16788,20703,81.1,318767,112450,7441,8361,89,6767,7905,85.6,2330,3789,61.5,40,38.3,1.7,380,1327,361,74,1543
Premier League,M,ENG,2019,Newcastle Utd,team,24,38,10842,15148,71.6,226560,88748,4188,5055,82.8,4524,5635,80.3,1979,3890,50.9,33,26.1,6.9,293,892,267,89,953
Premier League,M,ENG,2019,Southampton,team,30,38,11568,15998,72.3,224381,82853,4979,5928,84,4712,5931,79.4,1704,3588,47.5,27,27.1,-0.1,330,1091,267,80,1115
Premier League,M,ENG,2019,Tottenham,team,28,38,18683,22702,82.3,367941,115352,7220,8166,88.4,8472,9587,88.4,2775,4309,64.4,47,36.8,10.2,385,1436,383,98,1503
Premier League,M,ENG,2019,Watford,team,25,38,12718,17004,74.8,249287,96628,5564,6541,85.1,4941,6046,81.7,1986,3796,52.3,39,33.4,5.6,301,1010,320,68,1201
Premier League,M,ENG,2019,West Ham,team,26,38,13888,17968,77.3,264951,95522,6135,7109,86.3,5375,6484,82.9,2054,3655,56.2,33,32.9,0.1,314,1041,291,60,1175
Premier League,M,ENG,2019,Wolves,team,21,38,14013,18035,77.7,289770,96141,5395,6263,86.1,5861,6984,83.9,2594,4264,60.8,35,34.8,0.2,330,1119,275,77,1208
Premier League,M,ENG,2019,vs Arsenal,opponent,28,38,12283,16125,76.2,242801,90887,5232,6103,85.7,4901,5942,82.5,1954,3545,55.1,32,35.1,-3.1,348,988,299,64,1134
Premier League,M,ENG,2019,vs Bournemouth,opponent,28,38,16058,20278,79.2,311851,104530,6772,7717,87.8,6749,7891,85.5,2334,4139,56.4,48,35.1,12.9,368,1320,365,71,1407
Premier League,M,ENG,2019,vs Brighton,opponent,21,38,17605,21611,81.5,329901,105860,7481,8448,88.6,7670,8785,87.3,2227,3799,58.6,39,35.4,3.6,406,1410,387,74,1484
Premier League,M,ENG,2019,vs Burnley,opponent,23,38,16662,21116,78.9,324021,109112,6921,7927,87.3,7093,8300,85.5,2412,4270,56.5,43,44.8,-1.8,490,1241,411,114,1436
Premier League,M,ENG,2019,vs Cardiff City,opponent,25,38,17680,22070,80.1,328839,117630,7666,8741,87.7,7496,8788,85.3,2241,3805,58.9,53,41,12,418,1336,386,69,1621
Premier League,M,ENG,2019,vs Chelsea,opponent,24,38,12092,15729,76.9,253329,89007,4420,5171,85.5,5341,6247,85.5,2168,3806,57,30,26.9,3.1,256,952,257,66,1016
Premier League,M,ENG,2019,vs Crystal Palace,opponent,26,38,16753,20829,80.4,337902,111410,6601,7642,86.4,7275,8397,86.6,2682,4177,64.2,35,33.1,1.9,379,1584,371,102,1580
Premier League,M,ENG,2019,vs Everton,opponent,23,38,13163,17565,74.9,264710,96560,5316,6258,84.9,5527,6740,82,2137,3972,53.8,24,28.8,-4.8,276,1068,272,61,1201
Premier League,M,ENG,2019,vs Fulham,opponent,28,38,16145,20448,79,329970,112980,6051,7030,86.1,7131,8359,85.3,2753,4464,61.7,59,44.8,14.2,412,1347,406,97,1521
Premier League,M,ENG,2019,vs Huddersfield,opponent,31,38,15902,20072,79.2,307429,110177,6458,7457,86.6,6985,8170,85.5,2261,3784,59.8,56,46.1,9.9,393,1303,328,76,1457
Premier League,M,ENG,2019,vs Leicester City,opponent,25,38,14140,18448,76.6,273696,96403,6035,7036,85.8,5875,7065,83.2,2053,3756,54.7,36,30.9,5.1,303,1163,281,71,1244
Premier League,M,ENG,2019,vs Liverpool,opponent,23,38,11637,15736,74,230537,86587,4901,5777,84.8,4800,5867,81.8,1783,3568,50,16,20.3,-4.3,217,811,219,65,914
Premier League,M,ENG,2019,vs Manchester City,opponent,21,38,9939,13455,73.9,203150,76529,3989,4700,84.9,4168,5037,82.7,1653,3285,50.3,14,18.8,-4.8,181,640,173,43,719
Premier League,M,ENG,2019,vs Manchester Utd,opponent,28,38,13420,17406,77.1,252437,90750,6012,6852,87.7,5388,6445,83.6,1820,3525,51.6,37,33.9,3.1,365,1017,315,64,1175
Premier League,M,ENG,2019,vs Newcastle Utd,opponent,24,38,18415,22859,80.6,357468,117246,7423,8548,86.8,8079,9329,86.6,2679,4257,62.9,32,34.7,-2.7,349,1592,394,100,1637
Premier League,M,ENG,2019,vs Southampton,opponent,30,38,16279,20843,78.1,318870,108300,6556,7693,85.2,7054,8319,84.8,2440,4159,58.7,49,38.7,10.3,375,1221,374,81,1405
Premier League,M,ENG,2019,vs Tottenham,opponent,28,38,11833,15767,75,241102,90648,4939,5803,85.1,4558,5589,81.6,2119,3797,55.8,28,31.1,-3.1,327,931,270,76,1043
Premier League,M,ENG,2019,vs Watford,opponent,25,38,15168,19373,78.3,299055,104482,6275,7279,86.2,6314,7512,84.1,2360,3977,59.3,38,36.4,1.6,339,1289,376,100,1390
Premier League,M,ENG,2019,vs West Ham,opponent,26,38,15318,19332,79.2,291781,107721,6684,7634,87.6,6325,7491,84.4,2119,3622,58.5,40,43.6,-3.6,376,1379,369,89,1558
Premier League,M,ENG,2019,vs Wolves,opponent,21,38,16723,20885,80.1,321536,104474,6906,7874,87.7,7219,8366,86.3,2373,3994,59.4,32,23.7,8.3,298,1237,322,53,1382
Premier League,M,ENG,2018,Arsenal,team,30,38,20134,24284,82.9,381241,119499,8101,9213,87.9,8936,10169,87.9,2697,4026,67,61,45.8,13.2,442,1754,505,67,1842
Premier League,M,ENG,2018,Bournemouth,team,22,38,12989,17396,74.7,251974,89378,5220,6228,83.8,5585,6829,81.8,1912,3553,53.8,36,29.7,6.3,341,971,304,74,1235
Premier League,M,ENG,2018,Brighton,team,24,38,11633,15928,73,245486,88614,4288,5192,82.6,4890,6046,80.9,2215,4041,54.8,25,22.6,2.4,271,891,194,70,978
Premier League,M,ENG,2018,Burnley,team,24,38,10292,15104,68.1,221714,88723,3830,4794,79.9,4268,5544,77,1998,4189,47.7,26,23.2,2.8,279,936,216,87,930
Premier League,M,ENG,2018,Chelsea,team,26,38,18298,22281,82.1,357771,112359,6969,7940,87.8,8331,9493,87.8,2676,4060,65.9,42,40,3,470,1457,416,83,1717
Premier League,M,ENG,2018,Crystal Palace,team,28,38,11440,15649,73.1,224080,88805,4681,5568,84.1,4730,5846,80.9,1717,3477,49.4,26,30.3,-4.3,320,1019,276,59,1154
Premier League,M,ENG,2018,Everton,team,30,38,11770,16304,72.2,241244,90644,4592,5510,83.3,4868,6057,80.4,2029,3985,50.9,26,22.8,3.2,261,1053,213,75,1013
Premier League,M,ENG,2018,Huddersfield,team,25,38,11701,16338,71.6,233641,85379,4752,5785,82.1,4739,6023,78.7,1953,3809,51.3,19,22.6,-3.6,248,894,189,78,959
Premier League,M,ENG,2018,Leicester City,team,27,38,11879,16501,72,241337,88360,4700,5726,82.1,4829,6083,79.4,2080,3976,52.3,38,29.8,8.2,281,1031,235,71,1046
Premier League,M,ENG,2018,Liverpool,team,27,38,19782,24175,81.8,389462,120063,7171,8206,87.4,9467,10721,88.3,2804,4458,62.9,58,49.4,8.6,474,1703,491,79,1872
Premier League,M,ENG,2018,Manchester City,team,25,38,25336,29020,87.3,460637,129492,10813,11823,91.5,11314,12466,90.8,2789,3857,72.3,85,56.5,27.5,491,2046,561,72,2018
Premier League,M,ENG,2018,Manchester Utd,team,27,38,17317,21333,81.2,319442,103773,7663,8580,89.3,6937,8048,86.2,2254,3751,60.1,53,42,11,379,1323,371,82,1471
Premier League,M,ENG,2018,Newcastle Utd,team,27,38,10705,15123,70.8,212049,83988,4444,5424,81.9,4297,5445,78.9,1724,3591,48,29,27.4,1.6,307,895,233,89,978
Premier League,M,ENG,2018,Southampton,team,26,38,14035,18653,75.2,276174,94407,5694,6662,85.5,5955,7207,82.6,2136,4095,52.2,23,29.4,-6.4,330,1191,286,93,1301
Premier League,M,ENG,2018,Stoke City,team,30,38,9767,14075,69.4,204243,85488,3794,4774,79.5,3986,5135,77.6,1785,3551,50.3,28,26.4,2.6,284,964,239,61,977
Premier League,M,ENG,2018,Swansea City,team,26,38,12836,16882,76,257341,88825,5160,5982,86.3,5220,6291,83,2173,3904,55.7,20,18.1,0.9,217,1033,206,62,1021
Premier League,M,ENG,2018,Tottenham,team,25,38,18720,23034,81.3,370020,117295,6979,7983,87.4,8605,9883,87.1,2822,4364,64.7,51,47.5,3.5,454,1677,410,82,1820
Premier League,M,ENG,2018,Watford,team,29,38,12376,17044,72.6,244357,91429,5192,6212,83.6,4928,6281,78.5,2000,3803,52.6,27,27.7,-0.7,307,1082,295,82,1186
Premier League,M,ENG,2018,West Brom,team,24,38,10150,14464,70.2,212079,85578,3894,4729,82.3,4231,5364,78.9,1834,3746,49,24,22.8,1.2,272,931,240,105,930
Premier League,M,ENG,2018,West Ham,team,27,38,11479,15763,72.8,225844,83738,4881,5760,84.7,4498,5639,79.8,1843,3671,50.2,29,24.1,8.9,273,938,236,75,952
Premier League,M,ENG,2018,vs Arsenal,opponent,30,38,11351,15280,74.3,226188,82466,4544,5342,85.1,4777,5857,81.6,1780,3442,51.7,38,32.9,5.1,287,897,269,75,985
Premier League,M,ENG,2018,vs Bournemouth,opponent,22,38,14624,19211,76.1,292258,100430,5814,6744,86.2,6127,7388,82.9,2393,4339,55.2,44,39.9,4.1,381,1273,364,94,1366
Premier League,M,ENG,2018,vs Brighton,opponent,24,38,16697,21018,79.4,317837,101492,6893,7867,87.6,7200,8402,85.7,2275,4012,56.7,36,33,3,378,1410,333,72,1451
Premier League,M,ENG,2018,vs Burnley,opponent,24,38,14877,19710,75.5,288042,103292,6192,7244,85.5,6170,7526,82,2197,4146,53,29,35.7,-6.7,426,1197,365,104,1332
Premier League,M,ENG,2018,vs Chelsea,opponent,26,38,14238,18047,78.9,285284,93235,5462,6246,87.4,6227,7265,85.7,2273,3862,58.9,26,23.3,2.7,264,1172,241,60,1168
Premier League,M,ENG,2018,vs Crystal Palace,opponent,28,38,14954,19385,77.1,304150,102401,5636,6698,84.1,6499,7723,84.2,2539,4179,60.8,40,33.3,6.7,328,1310,342,92,1404
Premier League,M,ENG,2018,vs Everton,opponent,30,38,14959,19619,76.2,293463,103375,5976,7025,85.1,6440,7786,82.7,2264,4060,55.8,51,33.1,17.9,385,1211,359,84,1410
Premier League,M,ENG,2018,vs Huddersfield,opponent,25,38,15658,20318,77.1,308619,109796,6011,7144,84.1,6950,8221,84.5,2387,4130,57.8,41,33.3,7.7,314,1396,310,72,1505
Premier League,M,ENG,2018,vs Leicester City,opponent,27,38,13749,18238,75.4,265051,94732,5846,6868,85.1,5592,6908,80.9,2040,3719,54.9,47,35.1,11.9,373,1233,332,82,1363
Premier League,M,ENG,2018,vs Liverpool,opponent,27,38,11395,15773,72.2,227989,84946,4654,5544,83.9,4673,5842,80,1799,3662,49.1,23,18.6,4.4,191,866,186,59,921
Premier League,M,ENG,2018,vs Manchester City,opponent,25,38,8140,11758,69.2,164073,64928,3385,4112,82.3,3106,3997,77.7,1437,3046,47.2,17,15.9,1.1,156,581,127,35,612
Premier League,M,ENG,2018,vs Manchester Utd,opponent,27,38,13269,17278,76.8,251715,91408,5684,6576,86.4,5572,6720,82.9,1779,3357,53,18,28.2,-10.2,339,1045,296,66,1210
Premier League,M,ENG,2018,vs Newcastle Utd,opponent,27,38,16761,21489,78,338335,109572,6181,7268,85,7513,8800,85.4,2725,4509,60.4,32,34.7,-2.7,352,1478,352,84,1479
Premier League,M,ENG,2018,vs Southampton,opponent,26,38,13331,17761,75.1,265205,95199,5307,6328,83.9,5675,6939,81.8,2069,3741,55.3,43,30.7,12.3,360,1181,323,85,1183
Premier League,M,ENG,2018,vs Stoke City,opponent,30,38,15823,20388,77.6,309553,104981,6063,7083,85.6,7179,8431,85.2,2294,4145,55.3,49,40.7,8.3,415,1315,387,95,1463
Premier League,M,ENG,2018,vs Swansea City,opponent,26,38,17234,21238,81.1,331187,108806,7087,7966,89,7346,8432,87.1,2452,4044,60.6,37,40.7,-3.7,408,1461,371,98,1469
Premier League,M,ENG,2018,vs Tottenham,opponent,25,38,9973,14160,70.4,206344,79780,3947,4814,82,3981,5056,78.7,1828,3678,49.7,22,21,1,255,793,219,61,875
Premier League,M,ENG,2018,vs Watford,opponent,29,38,13107,17588,74.5,263596,94534,5195,6240,83.3,5390,6619,81.4,2225,3958,56.2,43,33.9,9.1,294,1089,252,58,1182
Premier League,M,ENG,2018,vs West Brom,opponent,24,38,17046,21425,79.6,338143,109950,6560,7585,86.5,7628,8910,85.6,2559,4203,60.9,44,35.4,8.6,374,1558,358,90,1617
Premier League,M,ENG,2018,vs West Ham,opponent,27,38,15453,19667,78.6,293104,100514,6381,7397,86.3,6569,7748,84.8,2126,3675,57.9,48,38.6,9.4,421,1323,330,80,1405
La Liga,M,ESP,2020,Alavés,team,32,38,9724,13753,70.7,207059,86512,3828,4695,81.5,3894,4960,78.5,1814,3529,51.4,20,23.5,-3.5,220,751,177,50,858
La Liga,M,ESP,2020,Athletic Club,team,26,38,12589,16607,75.8,263278,92587,4837,5640,85.8,5222,6296,82.9,2312,4050,57.1,23,23.6,-0.6,274,929,223,80,1028
La Liga,M,ESP,2020,Atlético Madrid,team,30,38,13709,17595,77.9,257089,96920,6091,6947,87.7,5362,6383,84,1871,3468,54,35,34.4,0.6,329,1037,302,59,1287
La Liga,M,ESP,2020,Barcelona,team,28,38,24981,28212,88.5,447366,126905,11376,12316,92.4,10305,11200,92,2786,3644,76.5,62,48.3,14.7,383,1884,439,51,1665
La Liga,M,ESP,2020,Betis,team,27,38,16291,19618,83,318743,95412,6579,7296,90.2,6841,7658,89.3,2509,3828,65.5,35,32.3,2.7,348,977,340,88,1093
La Liga,M,ESP,2020,Celta Vigo,team,30,38,14692,18402,79.8,281392,92457,6075,6889,88.2,6251,7221,86.6,2037,3484,58.5,26,25,1,271,928,255,52,1088
La Liga,M,ESP,2020,Eibar,team,26,38,10623,15315,69.4,232440,87898,3962,4793,82.7,4288,5458,78.6,2181,4486,48.6,24,23.7,0.3,276,1036,248,102,1071
La Liga,M,ESP,2020,Espanyol,team,31,38,12032,16181,74.4,249540,88547,4368,5135,85.1,5453,6555,83.2,2015,3897,51.7,17,22.7,-5.7,275,951,246,79,1073
La Liga,M,ESP,2020,Getafe,team,30,38,8444,13358,63.2,181592,80569,3346,4341,77.1,3093,4354,71,1759,3913,45,31,25.6,5.4,274,928,278,124,1069
La Liga,M,ESP,2020,Granada,team,27,38,9933,13965,71.1,216931,83075,3584,4367,82.1,4181,5192,80.5,1994,3817,52.2,34,24.9,9.1,256,791,185,71,900
La Liga,M,ESP,2020,Leganés,team,29,38,10467,14585,71.8,211269,84034,4453,5225,85.2,3997,4991,80.1,1776,3721,47.7,19,23.8,-4.8,275,879,231,97,954
La Liga,M,ESP,2020,Levante,team,29,38,12463,16087,77.5,247502,91418,5271,5951,88.6,4931,5823,84.7,2044,3684,55.5,28,29.7,-1.7,311,892,249,77,1141
La Liga,M,ESP,2020,Mallorca,team,32,38,11932,15603,76.5,229905,87464,5139,5914,86.9,4684,5668,82.6,1794,3295,54.4,21,22.2,-1.2,294,822,224,80,936
La Liga,M,ESP,2020,Osasuna,team,31,38,11102,15680,70.8,233616,91815,4331,5242,82.6,4464,5730,77.9,2107,4051,52,26,29,-3,324,941,277,102,1154
La Liga,M,ESP,2020,Real Madrid,team,26,38,20329,23814,85.4,387821,114272,9088,9874,92,7796,8690,89.7,3071,4383,70.1,52,44.2,7.8,434,1449,437,104,1479
La Liga,M,ESP,2020,Real Sociedad,team,27,38,16055,19938,80.5,314338,100328,6069,6985,86.9,7563,8650,87.4,2170,3584,60.5,38,32.6,5.4,320,1085,340,92,1327
La Liga,M,ESP,2020,Sevilla,team,26,38,17667,21508,82.1,358713,109972,6788,7605,89.3,7656,8760,87.4,2937,4403,66.7,35,32.5,2.5,352,1265,373,123,1397
La Liga,M,ESP,2020,Valencia,team,28,38,14565,18059,80.7,296827,95694,5483,6173,88.8,6518,7423,87.8,2341,3926,59.6,34,29.1,4.9,254,1015,282,70,1151
La Liga,M,ESP,2020,Valladolid,team,30,38,11236,15246,73.7,230593,81657,4424,5173,85.5,4680,5634,83.1,1943,3822,50.8,19,22.4,-3.4,254,822,166,60,872
La Liga,M,ESP,2020,Villarreal,team,25,38,16361,19925,82.1,335324,104151,6123,6861,89.2,7166,8104,88.4,2848,4344,65.6,40,37,3,349,1162,300,89,1226
La Liga,M,ESP,2020,vs Alavés,opponent,32,38,15810,19824,79.8,318477,100629,6085,6968,87.3,6884,7949,86.6,2546,4164,61.1,36,32.3,4.7,322,1161,299,83,1280
La Liga,M,ESP,2020,vs Athletic Club,opponent,26,38,13725,17844,76.9,271850,94236,5599,6465,86.6,5684,6796,83.6,2171,3893,55.8,26,30.8,-4.8,281,987,261,85,1119
La Liga,M,ESP,2020,vs Atlético Madrid,opponent,30,38,15024,19036,78.9,307466,93781,5710,6548,87.2,6380,7391,86.3,2639,4309,61.2,15,20.5,-5.5,283,1166,237,82,1155
La Liga,M,ESP,2020,vs Barcelona,opponent,28,38,11013,14218,77.5,215445,76924,4700,5409,86.9,4407,5183,85,1666,3011,55.3,21,22.2,-1.2,254,763,220,65,843
La Liga,M,ESP,2020,vs Betis,opponent,27,38,11741,15349,76.5,239926,84396,4614,5275,87.5,4867,5813,83.7,2030,3641,55.8,40,31.8,8.2,311,872,285,91,1014
La Liga,M,ESP,2020,vs Celta Vigo,opponent,30,38,13636,17425,78.3,268087,91238,5658,6450,87.7,5573,6509,85.6,2132,3785,56.3,31,29.6,1.4,320,1144,305,79,1222
La Liga,M,ESP,2020,vs Eibar,opponent,26,38,13380,17961,74.5,277936,104524,5123,6112,83.8,5638,6839,82.4,2361,4316,54.7,38,36.6,1.4,274,841,278,81,1016
La Liga,M,ESP,2020,vs Espanyol,opponent,31,38,14103,18143,77.7,278484,94830,5922,6760,87.6,5688,6750,84.3,2200,3887,56.6,35,28.2,6.8,306,1115,263,79,1184
La Liga,M,ESP,2020,vs Getafe,opponent,30,38,11868,16456,72.1,244287,97615,4839,5794,83.5,4639,5821,79.7,2119,4076,52,21,26.3,-5.3,194,841,170,55,922
La Liga,M,ESP,2020,vs Granada,opponent,27,38,14511,18418,78.8,286127,99184,5915,6721,88,6133,7191,85.3,2188,3797,57.6,37,31.4,5.6,332,992,280,77,1208
La Liga,M,ESP,2020,vs Leganés,opponent,29,38,15220,19351,78.7,308396,99330,5911,6771,87.3,6535,7600,86,2522,4284,58.9,34,25,9,255,1116,254,86,1170
La Liga,M,ESP,2020,vs Levante,opponent,29,38,13969,17672,79,280824,99592,5699,6454,88.3,5694,6676,85.3,2326,3922,59.3,40,43.8,-3.8,418,1115,354,104,1256
La Liga,M,ESP,2020,vs Mallorca,opponent,32,38,15682,19305,81.2,313865,103796,6129,6930,88.4,6752,7721,87.4,2523,3955,63.8,39,40.2,-1.2,380,1214,410,106,1416
La Liga,M,ESP,2020,vs Osasuna,opponent,31,38,13159,17741,74.2,261595,93339,5433,6305,86.2,5275,6490,81.3,2160,4185,51.6,39,30.4,8.6,289,953,267,83,1114
La Liga,M,ESP,2020,vs Real Madrid,opponent,26,38,13080,16582,78.9,256413,90505,5382,6070,88.7,5567,6429,86.6,1885,3383,55.7,21,19.5,1.5,236,871,195,48,1034
La Liga,M,ESP,2020,vs Real Sociedad,opponent,27,38,11823,15712,75.2,237543,82880,4870,5580,87.3,4697,5735,81.9,1995,3688,54.1,33,25.1,7.9,299,855,235,75,923
La Liga,M,ESP,2020,vs Sevilla,opponent,26,38,11936,15756,75.8,238617,86023,4803,5584,86,4956,5931,83.6,1919,3582,53.6,21,21.1,-0.1,238,872,207,49,963
La Liga,M,ESP,2020,vs Valencia,opponent,28,38,15813,19298,81.9,302421,97755,6852,7626,89.9,6526,7434,87.8,2174,3615,60.1,31,31.1,-0.1,403,1269,388,114,1284
La Liga,M,ESP,2020,vs Valladolid,opponent,30,38,15588,19432,80.2,308090,104816,6285,7152,87.9,6645,7689,86.4,2392,3833,62.4,26,31.4,-5.4,338,1342,338,97,1441
La Liga,M,ESP,2020,vs Villarreal,opponent,25,38,14114,17928,78.7,285489,96294,5686,6448,88.2,5805,6803,85.3,2361,4003,59,35,29.2,5.8,340,1055,326,111,1205
La Liga,M,ESP,2019,Alavés,team,26,38,9814,13919,70.5,203510,87703,3918,4754,82.4,3904,4959,78.7,1809,3675,49.2,27,23.9,3.1,272,831,226,104,961
La Liga,M,ESP,2019,Athletic Club,team,27,38,13267,17393,76.3,271102,100295,5334,6233,85.6,5559,6686,83.1,2210,3936,56.1,26,25.2,0.8,273,1100,302,95,1165
La Liga,M,ESP,2019,Atlético Madrid,team,29,38,15143,19034,79.6,276009,98528,7207,8124,88.7,5778,6870,84.1,1899,3411,55.7,36,31.3,4.7,339,1245,342,61,1297
La Liga,M,ESP,2019,Barcelona,team,30,38,23464,26734,87.8,421072,125653,10749,11665,92.1,9736,10752,90.6,2644,3568,74.1,61,53.5,7.5,410,1779,479,60,1727
La Liga,M,ESP,2019,Betis,team,25,38,19506,22819,85.5,366265,110101,8079,8864,91.1,8826,9762,90.4,2367,3591,65.9,30,33.4,-3.4,320,1241,346,64,1294
La Liga,M,ESP,2019,Celta Vigo,team,28,38,15122,18785,80.5,294087,99004,6108,6921,88.3,6636,7609,87.2,2143,3674,58.3,37,29.9,7.1,328,1016,280,68,1090
La Liga,M,ESP,2019,Eibar,team,25,38,13129,18279,71.8,283897,103336,4739,5767,82.2,5579,6972,80,2657,4937,53.8,26,31.8,-5.8,363,1357,382,149,1374
La Liga,M,ESP,2019,Espanyol,team,25,38,13998,17703,79.1,280592,99487,5383,6192,86.9,6217,7297,85.2,2212,3658,60.5,26,32.6,-6.6,316,1038,341,73,1279
La Liga,M,ESP,2019,Getafe,team,26,38,8264,12884,64.1,181561,82891,3197,4141,77.2,3118,4339,71.9,1782,3797,46.9,34,29,5,272,810,282,81,1031
La Liga,M,ESP,2019,Girona,team,26,38,13258,17104,77.5,276484,96684,4660,5377,86.7,6176,7242,85.3,2268,4018,56.4,23,25,-2,276,917,272,96,1125
La Liga,M,ESP,2019,Huesca,team,30,38,10778,14817,72.7,218839,88242,4464,5301,84.2,4264,5339,79.9,1871,3660,51.1,28,26.2,1.8,321,858,269,107,998
La Liga,M,ESP,2019,Leganés,team,29,38,10787,15033,71.8,224396,88505,4324,5169,83.7,4325,5436,79.6,1958,3899,50.2,25,24.5,0.5,299,856,244,128,927
La Liga,M,ESP,2019,Levante,team,26,38,10953,14737,74.3,215012,85727,4683,5481,85.4,4355,5301,82.2,1746,3427,50.9,39,35.1,3.9,293,895,280,72,1122
La Liga,M,ESP,2019,Rayo Vallecano,team,29,38,12606,16257,77.5,251724,92792,5144,5907,87.1,5291,6279,84.3,1990,3529,56.4,24,26.4,-2.4,323,925,237,85,1016
La Liga,M,ESP,2019,Real Madrid,team,27,38,20683,24064,85.9,386609,117065,9457,10282,92,7949,8848,89.8,2971,4175,71.2,39,42.9,-3.9,447,1560,431,97,1509
La Liga,M,ESP,2019,Real Sociedad,team,30,38,14700,18446,79.7,292992,96357,5605,6416,87.4,6682,7697,86.8,2244,3762,59.6,27,29.2,-2.2,302,991,280,95,1135
La Liga,M,ESP,2019,Sevilla,team,27,38,14612,18654,78.3,285396,100487,6128,7007,87.5,6063,7134,85,2207,3858,57.2,47,43.7,3.3,371,1124,413,123,1415
La Liga,M,ESP,2019,Valencia,team,25,38,13821,17600,78.5,276786,100037,5395,6227,86.6,6144,7199,85.3,2141,3647,58.7,38,42.9,-4.9,358,1148,353,97,1382
La Liga,M,ESP,2019,Valladolid,team,28,38,12149,16171,75.1,246384,87862,4704,5448,86.3,5284,6263,84.4,1980,3906,50.7,19,26.1,-7.1,290,939,220,72,1048
La Liga,M,ESP,2019,Villarreal,team,26,38,13853,17509,79.1,280991,99711,5315,6112,87,6130,7155,85.7,2260,3754,60.2,34,35.8,-1.8,356,1194,312,74,1338
La Liga,M,ESP,2019,vs Alavés,opponent,26,38,15060,19277,78.1,302794,104903,5942,6903,86.1,6497,7612,85.4,2417,4191,57.7,31,35.6,-4.6,358,1274,393,101,1439
La Liga,M,ESP,2019,vs Athletic Club,opponent,27,38,13405,17526,76.5,265814,98086,5382,6232,86.4,5773,6896,83.7,2059,3799,54.2,32,29.5,2.5,269,1030,258,77,1099
La Liga,M,ESP,2019,vs Atlético Madrid,opponent,29,38,15826,19576,80.8,312535,102699,6395,7252,88.2,6860,7951,86.3,2383,3805,62.6,15,24.3,-9.3,296,1243,303,71,1363
La Liga,M,ESP,2019,vs Barcelona,opponent,30,38,11453,14819,77.3,222310,83382,4972,5663,87.8,4601,5484,83.9,1708,3095,55.2,25,29.7,-4.7,295,792,256,86,904
La Liga,M,ESP,2019,vs Betis,opponent,25,38,10728,14071,76.2,210729,79846,4521,5198,87,4363,5202,83.9,1664,3148,52.9,42,32.3,9.7,305,802,275,84,1003
La Liga,M,ESP,2019,vs Celta Vigo,opponent,28,38,13754,17453,78.8,266467,94477,5884,6691,87.9,5586,6569,85,2068,3610,57.3,41,41.4,-0.4,355,1147,356,105,1264
La Liga,M,ESP,2019,vs Eibar,opponent,25,38,11097,15757,70.4,228081,95169,4529,5520,82,4427,5705,77.6,1979,3966,49.9,39,34.3,4.7,248,744,235,71,883
La Liga,M,ESP,2019,vs Espanyol,opponent,25,38,14385,18213,79,285900,97769,5783,6578,87.9,6119,7173,85.3,2286,3930,58.2,26,33.6,-7.6,364,1191,331,89,1270
La Liga,M,ESP,2019,vs Getafe,opponent,26,38,14822,19442,76.2,292040,106875,6162,7195,85.6,6204,7452,83.3,2254,4158,54.2,18,26.8,-8.8,269,1123,273,75,1233
La Liga,M,ESP,2019,vs Girona,opponent,26,38,14791,18771,78.8,287401,103256,6155,7031,87.5,6392,7445,85.9,2071,3704,55.9,34,33.8,0.2,373,1155,343,95,1348
La Liga,M,ESP,2019,vs Huesca,opponent,30,38,14618,18621,78.5,287687,100202,5914,6764,87.4,6316,7396,85.4,2191,3901,56.2,46,39.7,6.3,316,1121,341,87,1305
La Liga,M,ESP,2019,vs Leganés,opponent,29,38,16345,20616,79.3,328642,103962,6244,7164,87.2,7248,8455,85.7,2642,4419,59.8,27,26.1,0.9,276,1273,303,89,1288
La Liga,M,ESP,2019,vs Levante,opponent,26,38,14068,17786,79.1,275927,99238,5804,6606,87.9,5880,6907,85.1,2164,3677,58.9,41,43.6,-2.6,478,1036,413,105,1304
La Liga,M,ESP,2019,vs Rayo Vallecano,opponent,29,38,13561,17530,77.4,276165,100528,5291,6135,86.2,5773,6818,84.7,2296,3975,57.8,51,34.2,16.8,309,1182,357,101,1256
La Liga,M,ESP,2019,vs Real Madrid,opponent,27,38,12627,15980,79,244448,90234,5487,6194,88.6,5144,6010,85.6,1820,3231,56.3,32,30.5,1.5,282,929,244,75,995
La Liga,M,ESP,2019,vs Real Sociedad,opponent,30,38,13496,17538,77,268939,94163,5656,6543,86.4,5361,6420,83.5,2256,3966,56.9,30,29.3,0.7,311,1051,307,97,1152
La Liga,M,ESP,2019,vs Sevilla,opponent,27,38,13365,17193,77.7,264889,97945,5470,6331,86.4,5600,6666,84,2119,3672,57.7,29,29.1,-0.1,337,1065,274,70,1243
La Liga,M,ESP,2019,vs Valencia,opponent,25,38,16543,20342,81.3,316502,101102,6957,7713,90.2,7132,8174,87.3,2231,3846,58,19,22.9,-3.9,316,1227,337,90,1262
La Liga,M,ESP,2019,vs Valladolid,opponent,28,38,14698,18455,79.6,289426,104257,5914,6773,87.3,6360,7414,85.8,2224,3664,60.7,36,35.1,0.9,358,1247,331,105,1353
La Liga,M,ESP,2019,vs Villarreal,opponent,26,38,15265,18976,80.4,307012,102374,6131,6902,88.8,6380,7390,86.3,2527,4125,61.3,32,36.7,-4.7,414,1192,361,128,1269
La Liga,M,ESP,2018,Alavés,team,30,38,9346,13461,69.4,190290,78386,3814,4784,79.7,3832,5009,76.5,1581,3252,48.6,32,26.1,4.9,266,817,193,72,899
La Liga,M,ESP,2018,Athletic Club,team,27,38,12708,17079,74.4,271525,97224,4455,5570,80,5756,7019,82,2390,4088,58.5,24,30,-5,315,1188,313,105,1247
La Liga,M,ESP,2018,Atlético Madrid,team,26,38,14162,18218,77.7,263545,94131,6334,7435,85.2,5786,6937,83.4,1839,3341,55,40,32.6,8.4,298,1153,271,43,1296
La Liga,M,ESP,2018,Barcelona,team,25,38,21306,24812,85.9,389761,119736,9338,10408,89.7,9224,10257,89.9,2512,3543,70.9,58,58.6,15.4,418,1723,513,49,1844
La Liga,M,ESP,2018,Betis,team,29,38,17395,21045,82.7,339463,103592,6739,7725,87.2,8207,9279,88.4,2330,3674,63.4,38,31.3,11.7,310,1235,249,59,1246
La Liga,M,ESP,2018,Celta Vigo,team,22,38,16520,20569,80.3,330795,106276,5998,7054,85,7939,9074,87.5,2436,4036,60.4,41,36,9,316,1226,320,90,1379
La Liga,M,ESP,2018,Eibar,team,26,38,12513,17675,70.8,277032,96657,4323,5538,78.1,5399,6846,78.9,2667,4859,54.9,33,25.4,5.6,335,1260,281,125,1211
La Liga,M,ESP,2018,Espanyol,team,25,38,12349,16797,73.5,245088,86586,5006,6135,81.6,5311,6486,81.9,1921,3763,51,25,28.5,-4.5,294,980,238,93,1055
La Liga,M,ESP,2018,Getafe,team,32,38,8463,13094,64.6,179015,77315,3411,4490,76,3254,4526,71.9,1651,3631,45.5,24,26,1,256,840,278,68,986
La Liga,M,ESP,2018,Girona,team,25,38,11411,15586,73.2,243527,86963,4160,5150,80.8,4927,6076,81.1,2214,4021,55.1,24,31,0,327,995,249,110,1050
La Liga,M,ESP,2018,La Coruña,team,32,38,12284,16487,74.5,245888,89568,4931,6008,82.1,5316,6586,80.7,1942,3567,54.4,32,34.3,-4.3,328,1049,288,90,1199
La Liga,M,ESP,2018,Las Palmas,team,36,38,15166,19085,79.5,285286,97820,6557,7629,85.9,6486,7627,85,1951,3379,57.7,21,23.6,-8.6,291,1034,266,69,1166
La Liga,M,ESP,2018,Leganés,team,28,38,10185,14621,69.7,205502,83983,4261,5354,79.6,4138,5326,77.7,1677,3553,47.2,19,28.2,-5.2,289,894,203,80,974
La Liga,M,ESP,2018,Levante,team,33,38,10471,14379,72.8,212600,85930,4202,5200,80.8,4451,5559,80.1,1725,3274,52.7,29,29,-1,302,948,304,93,1119
La Liga,M,ESP,2018,Málaga,team,36,38,11016,15296,72,224292,88558,4428,5453,81.2,4603,5831,78.9,1844,3584,51.5,17,21.1,-6.1,278,914,217,86,978
La Liga,M,ESP,2018,Real Madrid,team,24,38,20155,23619,85.3,374487,116891,9116,10074,90.5,8225,9247,88.9,2602,3794,68.6,63,59.5,5.5,555,1749,548,140,1779
La Liga,M,ESP,2018,Real Sociedad,team,27,38,16400,20209,81.2,327792,104640,6001,6961,86.2,7773,8883,87.5,2472,3922,63,48,38.6,8.4,379,1293,338,111,1321
La Liga,M,ESP,2018,Sevilla,team,31,38,15762,19975,78.9,297658,105802,6596,7749,85.1,7098,8387,84.6,1934,3392,57,36,39.8,-4.8,392,1312,358,75,1590
La Liga,M,ESP,2018,Valencia,team,25,38,13770,17463,78.9,276409,96267,5082,6081,83.6,6592,7701,85.6,1975,3340,59.1,43,38.4,6.6,353,1186,318,72,1376
La Liga,M,ESP,2018,Villarreal,team,32,38,14504,18331,79.1,283573,98822,5742,6741,85.2,6539,7727,84.6,2098,3491,60.1,39,38.6,6.4,374,1099,251,74,1233
La Liga,M,ESP,2018,vs Alavés,opponent,30,38,16158,20316,79.5,322944,104527,6335,7442,85.1,7165,8376,85.5,2510,4084,61.5,28,34.7,-6.7,374,1400,368,104,1483
La Liga,M,ESP,2018,vs Athletic Club,opponent,27,38,13225,17428,75.9,264850,92542,5288,6345,83.3,5710,6947,82.2,2095,3725,56.2,33,29.6,3.4,330,983,289,93,1108
La Liga,M,ESP,2018,vs Atlético Madrid,opponent,26,38,16013,20076,79.8,312964,100818,6424,7490,85.8,7099,8276,85.8,2321,3810,60.9,17,25.5,-8.5,326,1367,321,79,1395
La Liga,M,ESP,2018,vs Barcelona,opponent,25,38,11404,14832,76.9,223402,79661,4732,5573,84.9,4812,5752,83.7,1716,3077,55.8,22,31.9,-9.9,330,947,248,81,967
La Liga,M,ESP,2018,vs Betis,opponent,29,38,11989,15819,75.8,233577,83855,5018,6009,83.5,4998,6055,82.5,1824,3316,55,45,37.7,7.3,351,981,324,104,1115
La Liga,M,ESP,2018,vs Celta Vigo,opponent,22,38,12540,16547,75.8,244614,90449,5224,6198,84.3,5271,6473,81.4,1867,3432,54.4,48,36.7,11.3,333,1098,340,97,1189
La Liga,M,ESP,2018,vs Eibar,opponent,26,38,11402,16437,69.4,231207,91911,4509,5807,77.6,4922,6402,76.9,1833,3812,48.1,36,32.5,3.5,245,756,220,74,940
La Liga,M,ESP,2018,vs Espanyol,opponent,25,38,14920,19248,77.5,301469,96970,5671,6729,84.3,6751,7950,84.9,2367,4156,57,26,30.9,-4.9,340,1181,290,74,1275
La Liga,M,ESP,2018,vs Getafe,opponent,32,38,15077,19760,76.3,297785,105065,6062,7279,83.3,6561,7989,82.1,2301,4022,57.2,28,26.6,1.4,282,1298,278,69,1340
La Liga,M,ESP,2018,vs Girona,opponent,25,38,13550,17827,76,260181,93818,5559,6600,84.2,6105,7360,82.9,1758,3449,51,39,29.4,9.6,304,1096,268,64,1255
La Liga,M,ESP,2018,vs La Coruña,opponent,32,38,15092,19158,78.8,298193,106719,6095,7236,84.2,6599,7737,85.3,2280,3801,60,53,38.5,14.5,389,1317,356,93,1475
La Liga,M,ESP,2018,vs Las Palmas,opponent,36,38,12263,16128,76,243477,92594,4958,5937,83.5,5289,6411,82.5,1882,3376,55.7,53,51.1,1.9,404,1090,286,86,1235
La Liga,M,ESP,2018,vs Leganés,opponent,28,38,15154,19658,77.1,306215,102814,5649,6857,82.4,6994,8312,84.1,2379,4072,58.4,28,29.5,-1.5,303,1157,282,92,1303
La Liga,M,ESP,2018,vs Levante,opponent,33,38,15545,19586,79.4,311749,104996,5988,7078,84.6,7103,8289,85.7,2344,3860,60.7,41,42.4,-1.4,401,1354,373,95,1456
La Liga,M,ESP,2018,vs Málaga,opponent,36,38,15366,19746,77.8,304997,101921,5985,7200,83.1,6918,8169,84.7,2336,3946,59.2,44,35.1,8.9,319,1332,311,75,1425
La Liga,M,ESP,2018,vs Real Madrid,opponent,24,38,12401,15593,79.5,241192,89020,5245,6060,86.6,5267,6158,85.5,1749,2992,58.5,34,32.3,1.7,292,995,248,75,1070
La Liga,M,ESP,2018,vs Real Sociedad,opponent,27,38,11878,15678,75.8,237582,87887,4741,5665,83.7,5144,6198,83,1871,3432,54.5,41,32.2,8.8,293,1012,250,74,1102
La Liga,M,ESP,2018,vs Sevilla,opponent,31,38,12753,16827,75.8,252654,93156,5230,6237,83.9,5428,6573,82.6,1973,3599,54.8,39,34.7,4.3,342,1040,274,76,1167
La Liga,M,ESP,2018,vs Valencia,opponent,25,38,14880,18864,78.9,289756,98660,6098,7086,86.1,6469,7585,85.3,2144,3771,56.9,28,31,-3,342,1244,326,98,1327
La Liga,M,ESP,2018,vs Villarreal,opponent,32,38,14276,18273,78.1,284720,97764,5683,6711,84.7,6251,7371,84.8,2211,3772,58.6,37,34.6,2.4,376,1247,344,101,1321
Ligue 1,M,FRA,2020,Amiens,team,27,28,9777,12663,77.2,187897,71050,4251,4881,87.1,3893,4682,83.1,1420,2577,55.1,20,16.7,3.3,159,734,138,41,940
Ligue 1,M,FRA,2020,Angers,team,26,28,10616,13346,79.5,203866,74741,4631,5230,88.5,4285,4962,86.4,1535,2663,57.6,21,20.2,0.8,261,749,207,63,909
Ligue 1,M,FRA,2020,Bordeaux,team,26,28,12356,14986,82.5,242370,77409,4711,5269,89.4,5852,6609,88.5,1663,2708,61.4,29,21.4,7.6,210,711,122,33,824
Ligue 1,M,FRA,2020,Brest,team,24,28,11090,13961,79.4,226492,74524,4196,4783,87.7,4815,5547,86.8,1920,3145,61,27,21,6,243,736,214,71,904
Ligue 1,M,FRA,2020,Dijon,team,28,28,10176,12893,78.9,210514,76258,3841,4386,87.6,4334,5058,85.7,1835,2990,61.4,17,21.3,-4.3,238,653,179,43,823
Ligue 1,M,FRA,2020,Lille,team,25,28,11307,14068,80.4,221646,71634,4514,5135,87.9,4931,5637,87.5,1651,2762,59.8,25,24.9,0.1,255,903,200,53,942
Ligue 1,M,FRA,2020,Lyon,team,27,28,13379,15881,84.2,265520,80754,5117,5699,89.8,5997,6691,89.6,2063,2989,69,29,26,3,265,895,210,56,1065
Ligue 1,M,FRA,2020,Marseille,team,23,28,12013,14652,82,230025,73283,5032,5624,89.5,5026,5744,87.5,1709,2731,62.6,28,21.9,6.1,270,860,200,61,935
Ligue 1,M,FRA,2020,Metz,team,24,28,9635,12397,77.7,191985,65392,3842,4398,87.4,4120,4829,85.3,1499,2730,54.9,20,18,2,219,670,137,46,642
Ligue 1,M,FRA,2020,Monaco,team,28,28,11748,14370,81.8,227136,76735,4853,5479,88.6,4996,5694,87.7,1706,2700,63.2,29,32.3,-3.3,264,856,245,54,1084
Ligue 1,M,FRA,2020,Montpellier,team,27,28,9682,12594,76.9,207967,79312,3492,4138,84.4,4122,4857,84.9,1918,3125,61.4,19,20.2,-1.2,239,820,178,63,987
Ligue 1,M,FRA,2020,Nantes,team,29,28,10599,13416,79,200551,69350,4555,5182,87.9,4492,5266,85.3,1381,2497,55.3,16,21.5,-5.5,252,756,155,48,840
Ligue 1,M,FRA,2020,Nice,team,31,28,13378,15539,86.1,255269,77763,5253,5774,91,6358,6902,92.1,1583,2426,65.3,30,21.1,8.9,227,867,171,42,986
Ligue 1,M,FRA,2020,Nîmes,team,28,28,8170,11140,73.3,167696,63245,3210,3845,83.5,3406,4172,81.6,1408,2643,53.3,20,21.2,-1.2,230,661,166,55,785
Ligue 1,M,FRA,2020,Paris S-G,team,31,27,16845,18987,88.7,301712,91325,7718,8326,92.7,6911,7500,92.1,1916,2560,74.8,51,50.8,0.2,320,1267,395,65,1398
Ligue 1,M,FRA,2020,Reims,team,26,28,10361,13063,79.3,212720,67067,3799,4347,87.4,4595,5310,86.5,1801,2927,61.5,16,18.3,-2.3,236,653,202,55,873
Ligue 1,M,FRA,2020,Rennes,team,26,28,10454,13053,80.1,218215,73441,3702,4237,87.4,4804,5507,87.2,1804,2862,63,26,23.7,2.3,238,685,178,61,845
Ligue 1,M,FRA,2020,Saint-Étienne,team,31,28,10086,13003,77.6,203122,67400,3819,4442,86,4477,5261,85.1,1594,2798,57,20,18.2,1.8,213,684,137,45,836
Ligue 1,M,FRA,2020,Strasbourg,team,25,27,10203,12757,80,221232,74489,3548,4081,86.9,4445,5081,87.5,2069,3187,64.9,21,23.6,-2.6,241,759,209,82,892
Ligue 1,M,FRA,2020,Toulouse,team,30,28,9428,12232,77.1,178584,66750,4125,4720,87.4,3765,4476,84.1,1316,2527,52.1,14,18.2,-4.2,223,619,163,56,756
Ligue 1,M,FRA,2020,vs Amiens,opponent,27,28,12277,15224,80.6,243777,80543,4885,5534,88.3,5264,6092,86.4,1907,3040,62.7,36,25,11,291,842,232,68,987
Ligue 1,M,FRA,2020,vs Angers,opponent,26,28,13503,16188,83.4,258798,82161,5549,6187,89.7,5912,6574,89.9,1834,2893,63.4,25,20.9,4.1,199,1044,168,39,1121
Ligue 1,M,FRA,2020,vs Bordeaux,opponent,26,28,10148,12945,78.4,203189,67231,3948,4588,86.1,4451,5169,86.1,1586,2759,57.5,28,24.9,3.1,264,722,211,55,883
Ligue 1,M,FRA,2020,vs Brest,opponent,24,28,11398,14204,80.2,223708,78645,4730,5386,87.8,4719,5467,86.3,1768,2864,61.7,24,23.9,0.1,285,840,237,82,966
Ligue 1,M,FRA,2020,vs Dijon,opponent,28,28,12110,14943,81,237462,79410,4774,5416,88.1,5341,6069,88,1774,2929,60.6,25,30.6,-5.6,281,852,231,62,1067
Ligue 1,M,FRA,2020,vs Lille,opponent,25,28,9902,12645,78.3,200754,68201,3846,4420,87,4167,4918,84.7,1688,2788,60.5,17,18.5,-1.5,198,618,167,42,799
Ligue 1,M,FRA,2020,vs Lyon,opponent,27,28,9890,12488,79.2,188729,64403,4235,4786,88.5,4129,4805,85.9,1358,2463,55.1,15,17.2,-2.2,225,687,177,44,823
Ligue 1,M,FRA,2020,vs Marseille,opponent,23,28,9975,12622,79,196506,68310,4024,4568,88.1,4279,4969,86.1,1494,2600,57.5,20,20.4,-0.4,185,613,143,47,771
Ligue 1,M,FRA,2020,vs Metz,opponent,24,28,12141,14983,81,241385,83245,4672,5321,87.8,5400,6194,87.2,1882,2956,63.7,25,25,0,277,946,199,58,1156
Ligue 1,M,FRA,2020,vs Monaco,opponent,28,28,11340,13803,82.2,223011,74130,4568,5105,89.5,4865,5516,88.2,1700,2667,63.7,29,26,3,268,842,183,61,905
Ligue 1,M,FRA,2020,vs Montpellier,opponent,27,28,11161,13903,80.3,220478,75088,4483,5093,88,4729,5494,86.1,1754,2863,61.3,22,23.8,-1.8,267,734,189,45,928
Ligue 1,M,FRA,2020,vs Nantes,opponent,29,28,11781,14647,80.4,231656,77960,4716,5340,88.3,5080,5818,87.3,1801,3029,59.5,23,22.7,0.3,213,756,173,58,923
Ligue 1,M,FRA,2020,vs Nice,opponent,31,28,10600,12958,81.8,218870,72187,3956,4427,89.4,4686,5334,87.9,1815,2738,66.3,21,28.8,-7.8,285,799,237,70,888
Ligue 1,M,FRA,2020,vs Nîmes,opponent,28,28,10955,13761,79.6,218875,72829,4174,4806,86.8,4894,5595,87.5,1710,2855,59.9,28,32.6,-4.6,241,799,200,50,922
Ligue 1,M,FRA,2020,vs Paris S-G,opponent,31,27,7977,10111,78.9,155100,58222,3476,3897,89.2,3131,3679,85.1,1204,2074,58.1,16,17.8,-1.8,195,431,126,31,548
Ligue 1,M,FRA,2020,vs Reims,opponent,26,28,11035,13758,80.2,219641,73428,4261,4883,87.3,4960,5681,87.3,1653,2759,59.9,13,14.9,-1.9,182,751,172,54,865
Ligue 1,M,FRA,2020,vs Rennes,opponent,26,28,10553,13252,79.6,209566,69153,4210,4751,88.6,4561,5278,86.4,1610,2746,58.6,14,18.3,-4.3,243,732,190,60,841
Ligue 1,M,FRA,2020,vs Saint-Étienne,opponent,31,28,11245,14110,79.7,221299,73261,4497,5137,87.5,4811,5542,86.8,1743,2934,59.4,30,22.8,7.2,224,755,174,48,885
Ligue 1,M,FRA,2020,vs Strasbourg,opponent,25,27,10472,12942,80.9,203435,69012,4315,4838,89.2,4460,5128,87,1513,2524,59.9,20,16.5,3.5,192,756,159,48,872
Ligue 1,M,FRA,2020,vs Toulouse,opponent,30,28,12840,15514,82.8,258280,84503,4890,5493,89,5785,6463,89.5,1997,3066,65.1,47,30.1,16.9,288,1019,238,71,1116
Ligue 1,M,FRA,2019,Amiens,team,26,38,12031,16181,74.4,242601,93263,4758,5661,84,5114,6280,81.4,1988,3729,53.3,22,23.2,-1.2,282,977,207,59,1132
Ligue 1,M,FRA,2019,Angers,team,24,38,13020,16742,77.8,252877,98043,5367,6212,86.4,5615,6727,83.5,1876,3329,56.4,27,29.6,-2.6,335,917,260,59,1161
Ligue 1,M,FRA,2019,Bordeaux,team,33,38,14650,18550,79,282828,102206,6156,7141,86.2,6229,7288,85.5,2066,3564,58,26,27.8,-1.8,330,1025,223,65,1210
Ligue 1,M,FRA,2019,Caen,team,27,38,11523,15493,74.4,242531,91076,4423,5242,84.4,4689,5697,82.3,2221,4052,54.8,17,18.9,-1.9,213,741,150,63,861
Ligue 1,M,FRA,2019,Dijon,team,26,38,13058,16945,77.1,269514,96972,4861,5697,85.3,5821,6882,84.6,2201,3848,57.2,21,25.7,-4.7,316,1024,280,75,1145
Ligue 1,M,FRA,2019,Guingamp,team,30,38,11408,15709,72.6,232274,92350,4484,5481,81.8,4941,6208,79.6,1839,3516,52.3,21,26.9,-5.9,304,994,225,79,1134
Ligue 1,M,FRA,2019,Lille,team,25,38,14573,18207,80,283938,95780,5827,6690,87.1,6430,7408,86.8,2122,3575,59.4,49,38.3,10.7,374,1224,268,74,1294
Ligue 1,M,FRA,2019,Lyon,team,25,38,19060,22496,84.7,367137,116202,7634,8571,89.1,8451,9430,89.6,2738,3876,70.6,54,51.4,2.6,496,1581,381,102,1745
Ligue 1,M,FRA,2019,Marseille,team,24,38,16031,19932,80.4,302991,104493,6969,7901,88.2,6651,7667,86.7,2210,3756,58.8,45,33.5,11.5,386,1098,307,118,1282
Ligue 1,M,FRA,2019,Monaco,team,42,38,14093,17930,78.6,280928,97059,5245,6182,84.8,6605,7703,85.7,2088,3526,59.2,25,31,-6,329,1102,283,84,1419
Ligue 1,M,FRA,2019,Montpellier,team,25,38,13580,17663,76.9,279951,105472,5290,6242,84.7,5652,6763,83.6,2459,4113,59.8,28,31.9,-3.9,371,1092,269,97,1264
Ligue 1,M,FRA,2019,Nantes,team,33,38,13301,17605,75.6,261991,103216,5378,6418,83.8,5732,6928,82.7,1999,3671,54.5,28,27.5,0.5,372,1123,279,97,1330
Ligue 1,M,FRA,2019,Nice,team,30,38,17888,21069,84.9,342827,108024,7172,7961,90.1,8194,9023,90.8,2331,3573,65.2,18,28.9,-10.9,332,1067,172,58,1152
Ligue 1,M,FRA,2019,Nîmes,team,23,38,11435,15518,73.7,228644,88474,4826,5766,83.7,4585,5624,81.5,1860,3611,51.5,37,32.5,4.5,374,962,229,67,1093
Ligue 1,M,FRA,2019,Paris S-G,team,30,38,21972,25097,87.5,390714,125835,10039,10985,91.4,9413,10320,91.2,2258,3178,71.1,72,63.9,8.1,421,1847,496,63,1958
Ligue 1,M,FRA,2019,Reims,team,27,38,11618,15559,74.7,242203,91481,4343,5253,82.7,5083,6163,82.5,2071,3672,56.4,27,28.5,-1.5,291,855,230,64,1085
Ligue 1,M,FRA,2019,Rennes,team,28,38,14207,17791,79.9,285171,96509,5536,6357,87.1,6172,7121,86.7,2301,3745,61.4,34,31.4,2.6,326,1045,281,79,1267
Ligue 1,M,FRA,2019,Saint-Étienne,team,29,38,15174,19136,79.3,300912,102926,5853,6733,86.9,6803,7862,86.5,2318,3962,58.5,40,35.6,4.4,353,1055,285,91,1256
Ligue 1,M,FRA,2019,Strasbourg,team,26,38,14802,18663,79.3,309286,104043,5527,6442,85.8,6324,7309,86.5,2741,4330,63.3,43,27.6,15.4,312,1110,269,91,1272
Ligue 1,M,FRA,2019,Toulouse,team,29,38,12939,16950,76.3,250177,96797,5522,6440,85.7,5144,6282,81.9,2019,3610,55.9,16,25.7,-9.7,297,978,231,65,1255
Ligue 1,M,FRA,2019,vs Amiens,opponent,26,38,14430,18528,77.9,283126,100929,5909,6858,86.2,6128,7250,84.5,2198,3882,56.6,34,30.2,3.8,370,1099,294,90,1294
Ligue 1,M,FRA,2019,vs Angers,opponent,24,38,18316,22164,82.6,345649,116192,7569,8467,89.4,8237,9358,88,2298,3731,61.6,40,32.9,7.1,347,1459,313,98,1627
Ligue 1,M,FRA,2019,vs Bordeaux,opponent,33,38,14366,18371,78.2,282131,102391,5958,6917,86.1,6046,7166,84.4,2197,3778,58.2,30,34.9,-4.9,367,1147,266,90,1283
Ligue 1,M,FRA,2019,vs Caen,opponent,27,38,15393,19478,79,299139,103551,6143,7138,86.1,6847,8006,85.5,2173,3722,58.4,33,38,-5,384,1167,297,84,1367
Ligue 1,M,FRA,2019,vs Dijon,opponent,26,38,14667,18499,79.3,293061,107817,5859,6809,86,6276,7353,85.4,2343,3811,61.5,41,39.4,1.6,376,1034,279,76,1319
Ligue 1,M,FRA,2019,vs Guingamp,opponent,30,38,15967,20027,79.7,317952,116061,6174,7212,85.6,7250,8370,86.6,2376,3915,60.7,42,32.7,9.3,331,1271,305,70,1494
Ligue 1,M,FRA,2019,vs Lille,opponent,25,38,13462,17200,78.3,268045,94386,5354,6264,85.5,5717,6755,84.6,2179,3616,60.3,19,24.4,-5.4,270,983,229,60,1239
Ligue 1,M,FRA,2019,vs Lyon,opponent,25,38,11179,14758,75.7,217995,81561,4827,5591,86.3,4497,5426,82.9,1691,3238,52.2,27,28.7,-1.7,338,829,188,60,900
Ligue 1,M,FRA,2019,vs Marseille,opponent,24,38,12512,16212,77.2,249768,90915,4967,5851,84.9,5411,6402,84.5,1961,3443,57,29,24,5,276,862,179,37,1087
Ligue 1,M,FRA,2019,vs Monaco,opponent,42,38,14397,18098,79.6,288638,101139,5628,6534,86.1,6261,7207,86.9,2320,3840,60.4,43,31.8,11.2,317,1044,265,86,1216
Ligue 1,M,FRA,2019,vs Montpellier,opponent,25,38,15298,19245,79.5,298445,104082,6294,7268,86.6,6484,7533,86.1,2298,3833,60,25,29.3,-4.3,313,1068,238,65,1288
Ligue 1,M,FRA,2019,vs Nantes,opponent,33,38,13570,17736,76.5,274976,101720,5180,6143,84.3,6023,7185,83.8,2177,3839,56.7,35,31,4,292,1140,253,61,1313
Ligue 1,M,FRA,2019,vs Nice,opponent,30,38,13823,17424,79.3,278803,95767,5375,6164,87.2,6012,6979,86.1,2286,3748,61,25,32,-7,368,1101,334,111,1232
Ligue 1,M,FRA,2019,vs Nîmes,opponent,23,38,14628,18673,78.3,297210,108924,5435,6449,84.3,6616,7740,85.5,2396,3914,61.2,43,39.6,3.4,353,1159,266,68,1366
Ligue 1,M,FRA,2019,vs Paris S-G,opponent,30,38,11262,14465,77.9,217816,82999,4916,5634,87.3,4515,5315,84.9,1643,2998,54.8,23,22.8,0.2,287,753,171,50,853
Ligue 1,M,FRA,2019,vs Reims,opponent,27,38,16522,20509,80.6,329255,108734,6365,7296,87.2,7428,8538,87,2528,4136,61.1,22,27.7,-5.7,312,1404,275,91,1451
Ligue 1,M,FRA,2019,vs Rennes,opponent,28,38,13778,17470,78.9,275655,97232,5492,6323,86.9,5903,6884,85.7,2201,3716,59.2,39,33.8,5.2,356,1034,294,103,1197
Ligue 1,M,FRA,2019,vs Saint-Étienne,opponent,29,38,13497,17331,77.9,262142,94654,5637,6557,86,5685,6753,84.2,2002,3514,57,29,34.4,-5.4,361,986,255,68,1165
Ligue 1,M,FRA,2019,vs Strasbourg,opponent,26,38,14921,18571,80.3,289978,99846,6089,6955,87.5,6414,7448,86.1,2214,3648,60.7,30,31,-1,366,1112,293,89,1244
Ligue 1,M,FRA,2019,vs Toulouse,opponent,29,38,14375,18477,77.8,279711,101321,6039,6945,87,5898,7017,84.1,2225,3914,56.8,41,41.5,-0.5,430,1165,331,93,1380
Ligue 1,M,FRA,2018,Amiens,team,30,38,10940,15245,71.8,215927,88753,4274,5201,82.2,4729,5947,79.5,1663,3407,48.8,20,23.4,0.6,261,860,176,54,1050
Ligue 1,M,FRA,2018,Angers,team,27,38,12407,16446,75.4,242773,93492,4953,5833,84.9,5356,6479,82.7,1877,3467,54.1,23,30.8,-0.8,343,1000,235,63,1213
Ligue 1,M,FRA,2018,Bordeaux,team,31,38,14055,17958,78.3,271257,94855,5809,6727,86.4,6008,7107,84.5,2008,3485,57.6,31,36.7,-0.7,365,1114,313,94,1303
Ligue 1,M,FRA,2018,Caen,team,26,38,11292,15797,71.5,242060,97134,3990,5001,79.8,4820,6061,79.5,2241,4021,55.7,19,28,-9,349,1124,229,111,1225
Ligue 1,M,FRA,2018,Dijon,team,26,38,12787,16820,76,271545,96045,4482,5372,83.4,5675,6740,84.2,2417,4112,58.8,28,26.1,9.9,322,1028,281,87,1159
Ligue 1,M,FRA,2018,Guingamp,team,23,38,13225,17284,76.5,252402,94274,5457,6412,85.1,5489,6662,82.4,1940,3469,55.9,23,25.8,1.2,307,1085,238,83,1212
Ligue 1,M,FRA,2018,Lille,team,25,38,15564,19286,80.7,295958,102883,6199,7117,87.1,6881,7911,87,2129,3476,61.2,28,30.4,0.6,354,1220,251,68,1411
Ligue 1,M,FRA,2018,Lyon,team,26,38,16846,20273,83.1,323840,102526,6619,7500,88.3,7302,8261,88.4,2523,3660,68.9,48,45.3,16.7,423,1278,290,78,1373
Ligue 1,M,FRA,2018,Marseille,team,26,38,16580,20412,81.2,311663,105583,7041,7926,88.8,6937,8058,86.1,2252,3686,61.1,44,47.5,6.5,448,1241,328,129,1412
Ligue 1,M,FRA,2018,Metz,team,36,38,12161,16352,74.4,251977,94085,4407,5268,83.7,5327,6500,82,2176,3924,55.5,25,27.4,-0.4,339,1111,242,97,1207
Ligue 1,M,FRA,2018,Monaco,team,32,38,13858,17911,77.4,274468,94915,5150,6044,85.2,6341,7531,84.2,2105,3645,57.8,39,40.2,15.8,352,1225,287,72,1388
Ligue 1,M,FRA,2018,Montpellier,team,23,38,13023,17141,76,268322,100008,4886,5740,85.1,5444,6621,82.2,2420,4095,59.1,26,30.6,-2.6,375,1176,267,92,1302
Ligue 1,M,FRA,2018,Nantes,team,30,38,11474,15828,72.5,220625,91826,4868,5854,83.2,4554,5718,79.6,1765,3538,49.9,18,28.5,-4.5,356,1023,278,108,1172
Ligue 1,M,FRA,2018,Nice,team,31,38,19266,22513,85.6,360758,109677,8028,8849,90.7,8419,9314,90.4,2473,3606,68.6,29,32.5,2.5,364,1345,222,57,1338
Ligue 1,M,FRA,2018,Paris S-G,team,26,38,22005,25194,87.3,385886,118894,10044,10973,91.5,9077,10013,90.7,2354,3237,72.7,69,65,10,463,1696,493,82,1854
Ligue 1,M,FRA,2018,Rennes,team,28,38,13282,17389,76.4,266285,92182,4988,5880,84.8,5840,6952,84,2159,3862,55.9,31,32.1,-0.1,327,1180,206,67,1272
Ligue 1,M,FRA,2018,Saint-Étienne,team,30,38,14310,18272,78.3,280924,95924,5402,6348,85.1,6387,7458,85.6,2195,3697,59.4,28,32.9,-1.9,325,1129,249,69,1218
Ligue 1,M,FRA,2018,Strasbourg,team,25,38,12322,16465,74.8,256401,92210,4469,5312,84.1,5255,6321,83.1,2358,4148,56.8,28,28.2,-2.2,309,950,252,90,1120
Ligue 1,M,FRA,2018,Toulouse,team,25,38,10831,15139,71.5,221452,92052,4072,5044,80.7,4582,5767,79.5,1898,3595,52.8,24,28.3,-4.3,301,1127,236,112,1134
Ligue 1,M,FRA,2018,Troyes,team,25,38,11486,15719,73.1,227045,86974,4545,5509,82.5,4696,5836,80.5,1950,3606,54.1,19,24.6,-3.6,266,969,234,81,1120
Ligue 1,M,FRA,2018,vs Amiens,opponent,30,38,15463,19967,77.4,297882,106887,6319,7365,85.8,6522,7818,83.4,2281,4016,56.8,30,40.8,-10.8,464,1327,353,107,1480
Ligue 1,M,FRA,2018,vs Angers,opponent,27,38,16300,20349,80.1,318513,104503,6248,7244,86.3,7417,8513,87.1,2351,3883,60.5,34,31.1,2.9,309,1419,265,78,1527
Ligue 1,M,FRA,2018,vs Bordeaux,opponent,31,38,13743,17554,78.3,270588,95046,5291,6162,85.9,6085,7135,85.3,2077,3584,58,30,24.8,5.2,290,1123,214,76,1184
Ligue 1,M,FRA,2018,vs Caen,opponent,26,38,14692,19104,76.9,286954,106145,5842,6865,85.1,6164,7428,83,2340,3963,59,31,34.6,-3.6,344,1204,274,84,1357
Ligue 1,M,FRA,2018,vs Dijon,opponent,26,38,13803,17939,76.9,276810,102125,5238,6162,85,5971,7164,83.3,2319,3918,59.2,46,41.5,4.5,377,1233,289,92,1383
Ligue 1,M,FRA,2018,vs Guingamp,opponent,23,38,13752,17733,77.6,270314,98619,5380,6326,85,5821,6944,83.8,2214,3743,59.2,48,37.1,10.9,365,1074,269,79,1255
Ligue 1,M,FRA,2018,vs Lille,opponent,25,38,13182,16957,77.7,256846,96160,5182,6019,86.1,5641,6689,84.3,2018,3472,58.1,44,37,7,348,1032,248,76,1290
Ligue 1,M,FRA,2018,vs Lyon,opponent,26,38,12411,16206,76.6,240569,84969,5057,5849,86.5,5125,6131,83.6,1889,3475,54.4,24,24.1,-0.1,311,1005,203,68,1072
Ligue 1,M,FRA,2018,vs Marseille,opponent,26,38,10824,14580,74.2,216118,81940,4288,5186,82.7,4432,5472,81,1849,3220,57.4,30,25.6,4.4,281,861,209,73,1029
Ligue 1,M,FRA,2018,vs Metz,opponent,36,38,15500,19586,79.1,303598,109412,5858,6831,85.8,7033,8237,85.4,2278,3776,60.3,53,48.1,4.9,410,1306,323,87,1545
Ligue 1,M,FRA,2018,vs Monaco,opponent,32,38,13243,17352,76.3,260357,97237,5413,6330,85.5,5423,6553,82.8,2123,3731,56.9,34,32.7,1.3,335,986,255,85,1165
Ligue 1,M,FRA,2018,vs Montpellier,opponent,23,38,15213,19297,78.8,301876,103462,5804,6680,86.9,6769,7921,85.5,2347,4007,58.6,23,27.4,-4.4,283,1143,206,59,1314
Ligue 1,M,FRA,2018,vs Nantes,opponent,30,38,15760,20178,78.1,321149,111556,5751,6747,85.2,6955,8219,84.6,2758,4379,63,32,26.4,5.6,348,1330,304,88,1448
Ligue 1,M,FRA,2018,vs Nice,opponent,31,38,13055,16318,80,251391,86671,5369,6094,88.1,5518,6364,86.7,1905,3210,59.3,38,33.5,4.5,370,1199,291,117,1154
Ligue 1,M,FRA,2018,vs Paris S-G,opponent,26,38,9673,12717,76.1,184075,71112,4117,4799,85.8,3967,4749,83.5,1357,2620,51.8,19,20.5,-1.5,289,718,182,58,792
Ligue 1,M,FRA,2018,vs Rennes,opponent,28,38,13114,17239,76.1,260027,93101,5078,5980,84.9,5693,6769,84.1,2076,3745,55.4,32,34.3,-2.3,318,1004,270,93,1189
Ligue 1,M,FRA,2018,vs Saint-Étienne,opponent,30,38,13525,17396,77.7,264728,91336,5534,6397,86.5,5552,6621,83.9,2159,3653,59.1,30,32.8,-2.8,387,1150,278,91,1200
Ligue 1,M,FRA,2018,vs Strasbourg,opponent,25,38,13055,17013,76.7,252096,97137,5289,6242,84.7,5562,6698,83,1921,3376,56.9,45,37.3,7.7,346,1175,280,86,1399
Ligue 1,M,FRA,2018,vs Toulouse,opponent,25,38,14221,18514,76.8,272676,100317,5926,6915,85.7,5934,7072,83.9,2055,3762,54.6,35,39.2,-4.2,378,1219,307,96,1312
Ligue 1,M,FRA,2018,vs Troyes,opponent,25,38,17185,21445,80.1,335001,106557,6699,7717,86.8,7535,8760,86,2586,4203,61.5,40,35.5,4.5,396,1373,287,101,1388
Fußball-Bundesliga,M,GER,2020,Augsburg,team,28,34,8618,12212,70.6,182208,70959,3135,3850,81.4,3674,4547,80.8,1620,3209,50.5,29,26.2,2.8,241,567,170,45,761
Fußball-Bundesliga,M,GER,2020,Bayern Munich,team,29,34,20739,24240,85.6,413561,128617,7694,8577,89.7,9583,10575,90.6,3186,4363,73,75,64.2,10.8,474,1780,510,128,1966
Fußball-Bundesliga,M,GER,2020,Dortmund,team,27,34,20781,24010,86.6,385238,111587,8997,9861,91.2,8870,9720,91.3,2559,3620,70.7,74,47.1,26.9,347,1275,329,54,1465
Fußball-Bundesliga,M,GER,2020,Düsseldorf,team,28,34,11476,15049,76.3,251262,89850,3859,4602,83.9,5067,5988,84.6,2359,3882,60.8,26,21.8,4.2,291,870,222,79,1064
Fußball-Bundesliga,M,GER,2020,Eint Frankfurt,team,27,34,12408,16463,75.4,256791,97578,4513,5397,83.6,5536,6710,82.5,2150,3670,58.6,45,38.3,6.7,361,1015,279,118,1240
Fußball-Bundesliga,M,GER,2020,Freiburg,team,26,34,12120,15509,78.1,259581,89102,3971,4675,84.9,5747,6619,86.8,2192,3605,60.8,27,27.7,-0.7,301,829,244,97,968
Fußball-Bundesliga,M,GER,2020,Hertha BSC,team,32,34,11480,14845,77.3,248991,86426,3900,4553,85.7,5056,5980,84.5,2324,3712,62.6,35,29.3,5.7,267,823,186,74,927
Fußball-Bundesliga,M,GER,2020,Hoffenheim,team,31,34,14589,17961,81.2,285819,98104,5622,6348,88.6,6728,7601,88.5,2012,3372,59.7,36,33.6,2.4,334,894,276,86,1162
Fußball-Bundesliga,M,GER,2020,Köln,team,29,34,11292,14923,75.7,246594,93043,3709,4439,83.6,5144,6148,83.7,2286,3818,59.9,38,31.9,6.1,294,824,264,86,1061
Fußball-Bundesliga,M,GER,2020,Leverkusen,team,24,34,19160,22816,84,375504,114250,7282,8112,89.8,8742,9752,89.6,2820,4155,67.9,48,45,3,383,1164,263,64,1371
Fußball-Bundesliga,M,GER,2020,M'Gladbach,team,25,34,14479,17921,80.8,288968,97674,5456,6275,86.9,6541,7520,87,2262,3484,64.9,53,49.4,3.6,345,890,284,68,1236
Fußball-Bundesliga,M,GER,2020,Mainz 05,team,25,34,10302,13844,74.4,216629,82374,3786,4476,84.6,4398,5365,82,1935,3453,56,34,32,2,327,821,242,69,1031
Fußball-Bundesliga,M,GER,2020,Paderborn 07,team,27,34,11645,15062,77.3,246297,86705,3980,4752,83.8,5347,6244,85.6,2152,3431,62.7,26,24.1,1.9,294,791,153,45,952
Fußball-Bundesliga,M,GER,2020,RB Leipzig,team,29,34,16395,19986,82,305970,105197,6886,7805,88.2,7094,8074,87.9,2073,3259,63.6,58,52.1,5.9,415,1250,366,71,1581
Fußball-Bundesliga,M,GER,2020,Schalke 04,team,29,34,12189,15680,77.7,250577,85006,4392,5112,85.9,5476,6416,85.3,2105,3489,60.3,25,25,0,269,829,228,51,1104
Fußball-Bundesliga,M,GER,2020,Union Berlin,team,26,34,9503,13395,70.9,202883,87921,3545,4358,81.3,3841,4844,79.3,1907,3571,53.4,27,25,2,260,793,191,73,901
Fußball-Bundesliga,M,GER,2020,Werder Bremen,team,30,34,12979,16581,78.3,260600,90656,4973,5759,86.4,5668,6622,85.6,2125,3530,60.2,30,27.5,2.5,311,921,249,75,1185
Fußball-Bundesliga,M,GER,2020,Wolfsburg,team,26,34,11716,15547,75.4,251266,92108,4026,4863,82.8,5167,6249,82.7,2312,3777,61.2,33,34.1,-1.1,333,915,253,79,1227
Fußball-Bundesliga,M,GER,2020,vs Augsburg,opponent,28,34,16423,20139,81.5,339051,108422,5833,6699,87.1,7572,8564,88.4,2785,4217,66,50,43.1,6.9,347,1249,304,87,1353
Fußball-Bundesliga,M,GER,2020,vs Bayern Munich,opponent,29,34,9779,13154,74.3,199103,78851,3901,4594,84.9,4057,4907,82.7,1639,3127,52.4,23,22.6,0.4,220,613,175,58,754
Fußball-Bundesliga,M,GER,2020,vs Dortmund,opponent,27,34,12294,15509,79.3,247333,80720,4687,5342,87.7,5390,6262,86.1,2020,3291,61.4,27,26.2,0.8,240,829,206,58,993
Fußball-Bundesliga,M,GER,2020,vs Düsseldorf,opponent,28,34,14807,18259,81.1,296439,98718,5556,6334,87.7,6736,7674,87.8,2301,3641,63.2,53,38.6,14.4,319,1011,243,77,1224
Fußball-Bundesliga,M,GER,2020,vs Eint Frankfurt,opponent,27,34,12498,16230,77,255519,93069,4753,5612,84.7,5361,6373,84.1,2150,3595,59.8,46,35.6,10.4,316,880,227,75,1156
Fußball-Bundesliga,M,GER,2020,vs Freiburg,opponent,26,34,13844,17175,80.6,281666,97384,5079,5784,87.8,6267,7130,87.9,2262,3652,61.9,32,41.9,-9.9,444,1120,331,98,1245
Fußball-Bundesliga,M,GER,2020,vs Hertha BSC,opponent,32,34,14888,18409,80.9,297385,100338,5593,6359,88,6793,7759,87.5,2269,3584,63.3,43,33.4,9.6,326,1142,317,79,1400
Fußball-Bundesliga,M,GER,2020,vs Hoffenheim,opponent,31,34,13489,16933,79.7,277900,94218,4935,5717,86.3,5931,6883,86.2,2396,3712,64.5,37,37.6,-0.6,361,1088,319,83,1262
Fußball-Bundesliga,M,GER,2020,vs Köln,opponent,29,34,13814,17442,79.2,273754,98243,5337,6123,87.2,6087,7059,86.2,2117,3539,59.8,53,36.2,16.8,331,989,269,68,1265
Fußball-Bundesliga,M,GER,2020,vs Leverkusen,opponent,24,34,9564,13133,72.8,200337,78059,3529,4323,81.6,4124,5084,81.1,1729,3119,55.4,31,33.7,-2.7,259,676,196,51,909
Fußball-Bundesliga,M,GER,2020,vs M'Gladbach,opponent,25,34,12910,16313,79.1,268523,94587,4667,5390,86.6,5677,6585,86.2,2354,3696,63.7,30,30.8,-0.8,342,886,262,80,1140
Fußball-Bundesliga,M,GER,2020,vs Mainz 05,opponent,25,34,15017,18637,80.6,303142,105530,5562,6349,87.6,6850,7852,87.2,2360,3740,63.1,49,43.1,5.9,381,1020,294,98,1337
Fußball-Bundesliga,M,GER,2020,vs Paderborn 07,opponent,27,34,14671,18229,80.5,303473,104125,5178,5958,86.9,6690,7632,87.7,2546,3876,65.7,56,50.7,5.3,375,1003,348,92,1354
Fußball-Bundesliga,M,GER,2020,vs RB Leipzig,opponent,29,34,12845,16421,78.2,261381,87572,4834,5591,86.5,5627,6501,86.6,2151,3647,59,28,26.4,1.6,251,785,187,45,935
Fußball-Bundesliga,M,GER,2020,vs Schalke 04,opponent,29,34,12957,16560,78.2,265662,92549,4731,5561,85.1,5724,6727,85.1,2252,3559,63.3,35,34.6,0.4,339,885,249,74,1100
Fußball-Bundesliga,M,GER,2020,vs Union Berlin,opponent,26,34,15138,19062,79.4,309927,103406,5460,6305,86.6,6932,8030,86.3,2546,4082,62.4,41,36.1,4.9,356,1033,263,70,1348
Fußball-Bundesliga,M,GER,2020,vs Werder Bremen,opponent,30,34,14138,17737,79.7,285319,98161,5342,6183,86.4,6194,7235,85.6,2351,3649,64.4,53,36.3,16.7,364,1081,285,104,1248
Fußball-Bundesliga,M,GER,2020,vs Wolfsburg,opponent,26,34,12795,16702,76.6,262825,93205,4749,5590,85,5667,6717,84.4,2151,3674,58.5,32,27.4,4.6,276,961,234,65,1179
Fußball-Bundesliga,M,GER,2019,Augsburg,team,30,34,11138,15094,73.8,230933,88336,4171,5100,81.8,4838,5888,82.2,2007,3638,55.2,33,28.7,4.3,311,815,274,90,1140
Fußball-Bundesliga,M,GER,2019,Bayern Munich,team,24,34,20506,23861,85.9,409832,120093,7562,8384,90.2,9485,10466,90.6,3252,4450,73.1,62,60,2,454,1730,474,96,1794
Fußball-Bundesliga,M,GER,2019,Dortmund,team,23,34,18845,22100,85.3,346448,104095,8226,9193,89.5,7939,8831,89.9,2366,3431,69,60,42.3,17.7,327,1341,314,55,1346
Fußball-Bundesliga,M,GER,2019,Düsseldorf,team,24,34,11146,14589,76.4,240306,89614,3907,4652,84,4863,5827,83.5,2240,3666,61.1,35,34,1,309,898,246,79,1137
Fußball-Bundesliga,M,GER,2019,Eint Frankfurt,team,30,34,10628,14853,71.6,222696,93232,3987,4965,80.3,4562,5855,77.9,1923,3551,54.2,42,38.5,3.5,287,950,261,82,1187
Fußball-Bundesliga,M,GER,2019,Freiburg,team,28,34,11490,14967,76.8,247151,85697,3709,4402,84.3,5386,6313,85.3,2207,3757,58.7,25,26.1,-1.1,291,800,218,75,931
Fußball-Bundesliga,M,GER,2019,Hannover 96,team,32,34,11428,15090,75.7,236845,89112,4148,4935,84.1,5092,6109,83.4,2025,3528,57.4,20,23.7,-3.7,269,826,228,59,1033
Fußball-Bundesliga,M,GER,2019,Hertha BSC,team,26,34,12472,16161,77.2,255193,96580,4794,5664,84.6,5433,6450,84.2,2084,3603,57.8,32,34.4,-2.4,299,916,235,74,1107
Fußball-Bundesliga,M,GER,2019,Hoffenheim,team,29,34,14499,17950,80.8,285552,102912,5640,6435,87.6,6442,7457,86.4,2232,3527,63.3,49,49.5,-0.5,450,1200,371,102,1424
Fußball-Bundesliga,M,GER,2019,Leverkusen,team,21,34,18327,22030,83.2,347484,111744,7623,8639,88.2,7899,8929,88.5,2508,3739,67.1,51,42.6,8.4,370,1261,367,93,1536
Fußball-Bundesliga,M,GER,2019,M'Gladbach,team,22,34,15778,19034,82.9,326244,98844,5114,5867,87.2,7986,8897,89.8,2539,3823,66.4,43,34.7,8.3,329,1144,308,70,1350
Fußball-Bundesliga,M,GER,2019,Mainz 05,team,28,34,11555,15264,75.7,241905,88492,4317,5125,84.2,4930,5920,83.3,2170,3766,57.6,30,32.6,-2.6,343,981,289,89,1153
Fußball-Bundesliga,M,GER,2019,Nürnberg,team,27,34,10598,14082,75.3,220798,80833,3813,4564,83.5,4873,5779,84.3,1779,3331,53.4,16,18.8,-2.8,229,763,177,44,912
Fußball-Bundesliga,M,GER,2019,RB Leipzig,team,23,34,12507,16647,75.1,231627,95135,5747,6882,83.5,4829,6085,79.4,1685,3080,54.7,41,41.8,-0.8,372,1121,365,87,1451
Fußball-Bundesliga,M,GER,2019,Schalke 04,team,32,34,10900,14430,75.5,229525,82400,3751,4570,82.1,4985,5896,84.5,2018,3532,57.1,23,26,-3,297,832,240,53,1073
Fußball-Bundesliga,M,GER,2019,Stuttgart,team,26,34,11309,15160,74.6,230295,83888,4281,5106,83.8,4941,5965,82.8,1942,3612,53.8,26,28.3,-2.3,304,834,251,94,1006
Fußball-Bundesliga,M,GER,2019,Werder Bremen,team,24,34,14504,18269,79.4,290395,101443,5481,6407,85.5,6548,7659,85.5,2291,3646,62.8,38,34,4,332,1194,330,97,1483
Fußball-Bundesliga,M,GER,2019,Wolfsburg,team,25,34,13200,17041,77.5,300330,97902,3894,4759,81.8,6153,7279,84.5,3025,4512,67,38,31.7,6.3,292,985,298,85,1283
Fußball-Bundesliga,M,GER,2019,vs Augsburg,opponent,30,34,13972,17716,78.9,292583,101729,4955,5915,83.8,6332,7389,85.7,2515,3944,63.8,50,43.7,6.3,388,1106,314,75,1306
Fußball-Bundesliga,M,GER,2019,vs Bayern Munich,opponent,24,34,9258,12495,74.1,188332,70677,3548,4291,82.7,4058,4883,83.1,1530,2953,51.8,22,16.2,5.8,175,589,124,38,700
Fußball-Bundesliga,M,GER,2019,vs Dortmund,opponent,23,34,12444,15842,78.6,253844,86382,4671,5449,85.7,5462,6422,85.1,2128,3487,61,25,23.7,1.3,240,912,269,89,1096
Fußball-Bundesliga,M,GER,2019,vs Düsseldorf,opponent,24,34,16262,19682,82.6,320296,106329,6263,7072,88.6,7339,8356,87.8,2476,3761,65.8,35,38.5,-3.5,338,1322,307,82,1457
Fußball-Bundesliga,M,GER,2019,vs Eint Frankfurt,opponent,30,34,12907,16956,76.1,262462,99005,4997,6005,83.2,5473,6554,83.5,2243,3842,58.4,38,39.6,-1.6,342,1034,303,83,1253
Fußball-Bundesliga,M,GER,2019,vs Freiburg,opponent,28,34,15596,19085,81.7,324043,104494,5378,6146,87.5,7350,8328,88.3,2690,4126,65.2,46,37.7,8.3,362,1268,359,90,1390
Fußball-Bundesliga,M,GER,2019,vs Hannover 96,opponent,32,34,13802,17601,78.4,280715,99024,5197,6136,84.7,6098,7155,85.2,2332,3803,61.3,50,46.7,3.3,428,1176,386,105,1416
Fußball-Bundesliga,M,GER,2019,vs Hertha BSC,opponent,26,34,13740,17526,78.4,269999,97416,5549,6416,86.5,5965,7072,84.3,2050,3527,58.1,43,42.8,0.2,364,1134,316,70,1346
Fußball-Bundesliga,M,GER,2019,vs Hoffenheim,opponent,29,34,12111,15622,77.5,247864,93082,4569,5390,84.8,5346,6323,84.5,2049,3404,60.2,31,32.5,-1.5,336,938,315,77,1230
Fußball-Bundesliga,M,GER,2019,vs Leverkusen,opponent,21,34,10805,14479,74.6,220846,82690,4104,5014,81.9,4644,5656,82.1,1895,3293,57.5,35,28.6,6.4,271,844,236,68,1126
Fußball-Bundesliga,M,GER,2019,vs M'Gladbach,opponent,22,34,13937,17162,81.2,281369,92365,5250,5945,88.3,6222,7115,87.4,2265,3576,63.3,27,35.3,-8.3,333,970,264,79,1178
Fußball-Bundesliga,M,GER,2019,vs Mainz 05,opponent,28,34,14430,18200,79.3,291946,102812,5378,6284,85.6,6451,7495,86.1,2393,3878,61.7,46,42.1,3.9,379,1027,332,101,1283
Fußball-Bundesliga,M,GER,2019,vs Nürnberg,opponent,27,34,16137,19596,82.3,328373,108185,5801,6629,87.5,7452,8459,88.1,2689,3986,67.5,45,38,7,380,1459,372,95,1558
Fußball-Bundesliga,M,GER,2019,vs RB Leipzig,opponent,23,34,12868,17217,74.7,266646,92087,4647,5572,83.4,5799,7015,82.7,2262,4065,55.6,16,21.8,-5.8,209,796,204,54,1069
Fußball-Bundesliga,M,GER,2019,vs Schalke 04,opponent,32,34,13918,17574,79.2,281244,94390,5108,6007,85,6324,7344,86.1,2298,3669,62.6,35,32.1,2.9,319,905,256,68,1220
Fußball-Bundesliga,M,GER,2019,vs Stuttgart,opponent,26,34,14367,18122,79.3,289094,99573,5399,6291,85.8,6485,7534,86.1,2297,3763,61,48,38.8,9.2,352,1160,338,99,1346
Fußball-Bundesliga,M,GER,2019,vs Werder Bremen,opponent,24,34,12948,16707,77.5,268011,93962,4864,5743,84.7,5498,6552,83.9,2386,3870,61.7,36,37.4,-1.4,327,985,285,74,1190
Fußball-Bundesliga,M,GER,2019,vs Wolfsburg,opponent,25,34,11328,15040,75.3,225892,86150,4487,5344,84,4886,5953,82.1,1795,3245,55.3,36,31.9,4.1,322,966,266,77,1182
Fußball-Bundesliga,M,GER,2018,Augsburg,team,27,34,10179,14251,71.4,219096,88617,3627,4483,80.9,4284,5367,79.8,2116,3888,54.4,30,31.1,-3.1,312,856,263,110,1069
Fußball-Bundesliga,M,GER,2018,Bayern Munich,team,28,34,20441,23840,85.7,398949,119150,8197,9030,90.8,8974,10005,89.7,3042,4271,71.2,72,56.3,13.7,462,1705,462,112,1710
Fußball-Bundesliga,M,GER,2018,Dortmund,team,30,34,16586,20322,81.6,316583,100510,6657,7606,87.5,7466,8554,87.3,2242,3633,61.7,44,43.3,-3.3,342,1302,337,68,1418
Fußball-Bundesliga,M,GER,2018,Eint Frankfurt,team,28,34,11441,15528,73.7,248227,92580,3763,4610,81.6,5261,6456,81.5,2263,3957,57.2,34,31.8,3.2,273,931,275,81,1187
Fußball-Bundesliga,M,GER,2018,Freiburg,team,29,34,11014,14766,74.6,230802,86383,3870,4750,81.5,5146,6115,84.2,1825,3386,53.9,21,24,-4,263,821,208,64,1030
Fußball-Bundesliga,M,GER,2018,Hamburger SV,team,29,34,10768,15037,71.6,219771,83045,4062,4995,81.3,4624,5875,78.7,1896,3519,53.9,18,24.9,-9.9,263,881,249,84,1118
Fußball-Bundesliga,M,GER,2018,Hannover 96,team,26,34,10882,14890,73.1,221155,91148,4006,4929,81.3,4817,5966,80.7,1869,3408,54.8,26,32.3,-4.3,307,807,208,79,1113
Fußball-Bundesliga,M,GER,2018,Hertha BSC,team,25,34,11673,15389,75.9,237392,85240,4535,5391,84.1,4949,5949,83.2,2025,3532,57.3,32,27,7,224,815,176,64,982
Fußball-Bundesliga,M,GER,2018,Hoffenheim,team,26,34,13767,17272,79.7,273083,97720,5192,5996,86.6,6361,7275,87.4,2028,3491,58.1,47,38.8,5.2,355,988,301,71,1364
Fußball-Bundesliga,M,GER,2018,Köln,team,31,34,11700,15704,74.5,242131,94026,4414,5329,82.8,5086,6120,83.1,2062,3788,54.4,24,28.7,-4.7,275,1036,247,66,1209
Fußball-Bundesliga,M,GER,2018,Leverkusen,team,24,34,14642,18413,79.5,282222,98199,6112,7090,86.2,6171,7242,85.2,2139,3482,61.4,46,43.5,2.5,378,1140,324,92,1414
Fußball-Bundesliga,M,GER,2018,M'Gladbach,team,27,34,14496,17948,80.8,284546,94880,5498,6335,86.8,6738,7638,88.2,2062,3406,60.5,26,35.6,-6.6,323,1040,268,58,1241
Fußball-Bundesliga,M,GER,2018,Mainz 05,team,27,34,10117,13929,72.6,212928,80582,3707,4553,81.4,4398,5444,80.8,1866,3471,53.8,27,24.3,2.7,293,818,216,57,1064
Fußball-Bundesliga,M,GER,2018,RB Leipzig,team,23,34,14201,18205,78,261551,98863,6352,7437,85.4,5805,6994,83,1806,3163,57.1,43,39.4,3.6,364,1145,315,50,1432
Fußball-Bundesliga,M,GER,2018,Schalke 04,team,24,34,12031,15577,77.2,238796,83418,4473,5276,84.8,5741,6750,85.1,1695,3137,54,33,30.4,1.6,304,763,219,62,1003
Fußball-Bundesliga,M,GER,2018,Stuttgart,team,26,34,12101,16046,75.4,248706,87143,4527,5323,85,5322,6386,83.3,2117,3869,54.7,22,24.1,-2.1,235,852,210,70,987
Fußball-Bundesliga,M,GER,2018,Werder Bremen,team,25,34,12071,16061,75.2,250402,92840,4356,5266,82.7,5416,6565,82.5,2137,3657,58.4,27,30.4,-4.4,318,978,264,89,1250
Fußball-Bundesliga,M,GER,2018,Wolfsburg,team,29,34,12757,16363,78,264609,92068,4560,5336,85.5,5808,6825,85.1,2250,3776,59.6,26,25.2,0.8,245,938,208,66,1097
Fußball-Bundesliga,M,GER,2018,vs Augsburg,opponent,27,34,13340,17220,77.5,271412,101193,5060,5966,84.8,5862,7022,83.5,2241,3709,60.4,32,29.9,2.1,336,1125,289,71,1290
Fußball-Bundesliga,M,GER,2018,vs Bayern Munich,opponent,28,34,9043,12343,73.3,179563,70888,3704,4454,83.2,3849,4727,81.4,1364,2752,49.6,18,21.4,-3.4,200,631,163,50,794
Fußball-Bundesliga,M,GER,2018,vs Dortmund,opponent,30,34,10186,13908,73.2,200750,78806,4207,5026,83.7,4161,5139,81,1638,3234,50.6,35,33,2,264,833,230,77,984
Fußball-Bundesliga,M,GER,2018,vs Eint Frankfurt,opponent,28,34,12423,16520,75.2,247452,91399,4936,5868,84.1,5328,6414,83.1,1983,3692,53.7,32,31,1,273,879,208,59,1109
Fußball-Bundesliga,M,GER,2018,vs Freiburg,opponent,29,34,14945,18826,79.4,314017,102755,4992,5796,86.1,7139,8219,86.9,2638,4303,61.3,35,36,-1,353,1224,310,86,1310
Fußball-Bundesliga,M,GER,2018,vs Hamburger SV,opponent,29,34,11625,15749,73.8,237469,88290,4438,5352,82.9,4967,6104,81.4,2036,3716,54.8,37,37.4,-0.4,324,859,266,79,1099
Fußball-Bundesliga,M,GER,2018,vs Hannover 96,opponent,26,34,12919,17002,76,259705,93801,4993,5948,83.9,5592,6685,83.6,2136,3825,55.8,40,38.6,1.4,354,1034,320,93,1321
Fußball-Bundesliga,M,GER,2018,vs Hertha BSC,opponent,25,34,14424,18202,79.2,280949,97997,5695,6598,86.3,6469,7530,85.9,2073,3513,59,31,30.2,0.8,318,1147,309,81,1402
Fußball-Bundesliga,M,GER,2018,vs Hoffenheim,opponent,26,34,13045,16557,78.8,262570,94581,4915,5721,85.9,5856,6849,85.5,2112,3492,60.5,32,31.1,0.9,303,912,237,67,1167
Fußball-Bundesliga,M,GER,2018,vs Köln,opponent,31,34,13699,17446,78.5,273182,97847,5231,6080,86,6180,7281,84.9,2085,3540,58.9,48,46.5,1.5,393,1138,347,95,1383
Fußball-Bundesliga,M,GER,2018,vs Leverkusen,opponent,24,34,11614,15330,75.8,237717,85769,4280,5191,82.5,5225,6270,83.3,1969,3364,58.5,33,24.8,8.2,254,813,222,56,1101
Fußball-Bundesliga,M,GER,2018,vs M'Gladbach,opponent,27,34,13371,16803,79.6,270781,93796,4988,5808,85.9,5968,6899,86.5,2215,3536,62.6,39,39.5,-0.5,385,1110,316,98,1332
Fußball-Bundesliga,M,GER,2018,vs Mainz 05,opponent,27,34,13697,17762,77.1,277193,98135,5256,6165,85.3,6004,7140,84.1,2273,3908,58.2,36,34.7,1.3,308,1011,266,72,1220
Fußball-Bundesliga,M,GER,2018,vs RB Leipzig,opponent,23,34,10856,15026,72.2,223649,84731,4060,4993,81.3,4771,5897,80.9,1875,3579,52.4,34,32,2,270,804,230,70,1048
Fußball-Bundesliga,M,GER,2018,vs Schalke 04,opponent,24,34,14220,17993,79,285646,94837,5185,6074,85.4,6642,7705,86.2,2226,3664,60.8,25,25,0,249,1015,210,64,1204
Fußball-Bundesliga,M,GER,2018,vs Stuttgart,opponent,26,34,14279,18119,78.8,290604,101167,5250,6218,84.4,6488,7619,85.2,2364,3767,62.8,24,31.3,-7.3,306,1224,270,76,1383
Fußball-Bundesliga,M,GER,2018,vs Werder Bremen,opponent,25,34,14019,17883,78.4,272236,96270,5735,6645,86.3,6016,7071,85.1,2056,3648,56.4,27,33.7,-6.7,300,1018,265,75,1229
Fußball-Bundesliga,M,GER,2018,vs Wolfsburg,opponent,29,34,13162,16852,78.1,266054,94150,4983,5832,85.4,5850,6955,84.1,2156,3592,60,31,35.2,-4.2,346,1039,292,74,1312
Serie A,M,ITA,2020,Atalanta,team,30,38,18078,21650,83.5,337955,106300,7764,8604,90.2,7753,8778,88.3,2263,3514,64.4,68,53.4,14.6,527,1296,478,111,1588
Serie A,M,ITA,2020,Bologna,team,31,38,14641,18276,80.1,283464,97450,5892,6697,88,6331,7356,86.1,2124,3490,60.9,31,36.3,-5.3,411,1183,303,73,1370
Serie A,M,ITA,2020,Brescia,team,32,38,11004,14640,75.2,220109,83474,4294,5036,85.3,4731,5709,82.9,1748,3212,54.4,22,25.4,-3.4,283,796,279,74,1143
Serie A,M,ITA,2020,Cagliari,team,33,38,13303,16870,78.9,270737,91739,5074,5728,88.6,5734,6727,85.2,2286,3827,59.7,34,28.5,5.5,331,955,256,87,1074
Serie A,M,ITA,2020,Fiorentina,team,33,38,13792,17131,80.5,272620,92084,5326,6006,88.7,6098,6973,87.5,2092,3463,60.4,30,35.6,-5.6,420,1008,315,91,1190
Serie A,M,ITA,2020,Genoa,team,34,38,14405,18085,79.7,283053,96521,5638,6353,88.7,6350,7336,86.6,2130,3654,58.3,28,25.6,2.4,291,959,297,100,1143
Serie A,M,ITA,2020,Hellas Verona,team,30,38,13381,17453,76.7,260976,89957,5434,6292,86.4,5689,6784,83.9,1976,3636,54.3,27,31.6,-4.6,326,1028,332,75,1314
Serie A,M,ITA,2020,Inter,team,29,38,17321,20754,83.5,346229,107736,6499,7221,90,7794,8865,87.9,2723,3896,69.9,57,45.5,11.5,453,1280,423,101,1578
Serie A,M,ITA,2020,Juventus,team,30,38,20306,23375,86.9,373063,113674,8926,9628,92.7,8394,9223,91,2549,3616,70.5,47,44.1,2.9,495,1556,367,79,1511
Serie A,M,ITA,2020,Lazio,team,27,38,16035,19310,83,315961,102766,6308,7058,89.4,6750,7658,88.1,2554,3756,68,45,42.2,2.8,426,1262,409,99,1458
Serie A,M,ITA,2020,Lecce,team,30,38,13757,17086,80.5,277636,94291,5220,5877,88.8,5964,6859,87,2306,3663,63,30,31.1,-1.1,380,887,348,131,1158
Serie A,M,ITA,2020,Milan,team,32,38,17281,20763,83.2,331941,107732,7078,7942,89.1,7539,8451,89.2,2339,3634,64.4,38,42.3,-4.3,469,1284,413,100,1490
Serie A,M,ITA,2020,Napoli,team,25,38,21244,24509,86.7,389911,114988,9381,10155,92.4,8870,9772,90.8,2607,3720,70.1,45,47.6,-2.6,537,1647,441,96,1689
Serie A,M,ITA,2020,Parma,team,25,38,12330,15701,78.5,265390,94529,4254,4916,86.5,5368,6295,85.3,2462,3890,63.3,38,31.2,6.8,327,888,238,52,1124
Serie A,M,ITA,2020,Roma,team,31,38,16108,19367,83.2,328727,101263,5681,6399,88.8,7654,8548,89.5,2582,3824,67.5,47,47.4,-0.4,471,1164,357,84,1317
Serie A,M,ITA,2020,Sampdoria,team,31,38,12022,15816,76,238335,86889,4839,5576,86.8,5000,6011,83.2,1916,3554,53.9,25,30.2,-5.2,388,933,301,110,1135
Serie A,M,ITA,2020,Sassuolo,team,31,38,18697,21783,85.8,332665,101032,8668,9478,91.5,7860,8667,90.7,1870,2946,63.5,49,39.5,9.5,404,1207,319,45,1266
Serie A,M,ITA,2020,SPAL,team,34,38,13452,16904,79.6,259666,93584,5691,6353,89.6,5573,6523,85.4,1964,3400,57.8,17,23.1,-6.1,335,932,235,71,1075
Serie A,M,ITA,2020,Torino,team,27,38,12628,16200,78,260723,88040,4930,5629,87.6,5174,6107,84.7,2303,3838,60,29,26.6,2.4,317,811,298,124,968
Serie A,M,ITA,2020,Udinese,team,25,38,13535,17002,79.6,266038,92906,5419,6062,89.4,5816,6802,85.5,2042,3463,59,26,30.5,-4.5,362,923,288,106,1130
Serie A,M,ITA,2020,vs Atalanta,opponent,30,38,12593,16295,77.3,247143,94031,5135,5841,87.9,5186,6151,84.3,1966,3539,55.6,30,27.4,2.6,285,840,204,50,1041
Serie A,M,ITA,2020,vs Bologna,opponent,31,38,12998,16722,77.7,255665,95039,5257,6064,86.7,5479,6451,84.9,1996,3474,57.5,40,35,5,393,1025,332,76,1231
Serie A,M,ITA,2020,vs Brescia,opponent,32,38,18200,21739,83.7,350349,113507,7516,8296,90.6,7689,8700,88.4,2624,3929,66.8,55,54.1,0.9,531,1374,476,129,1605
Serie A,M,ITA,2020,vs Cagliari,opponent,33,38,16645,20062,83,329216,106305,6623,7396,89.5,7193,8104,88.8,2573,3885,66.2,35,37.7,-2.7,435,1286,411,119,1472
Serie A,M,ITA,2020,vs Fiorentina,opponent,33,38,15394,18910,81.4,298713,95356,6173,6886,89.6,6761,7743,87.3,2199,3587,61.3,31,29.9,1.1,303,1116,286,74,1267
Serie A,M,ITA,2020,vs Genoa,opponent,34,38,15050,18570,81,292412,99687,6093,6850,88.9,6392,7402,86.4,2251,3562,63.2,52,37.1,14.9,446,1115,387,106,1381
Serie A,M,ITA,2020,vs Hellas Verona,opponent,30,38,13820,17754,77.8,272373,99205,5499,6393,86,5938,6974,85.1,2096,3688,56.8,31,35.6,-4.6,449,1049,394,106,1316
Serie A,M,ITA,2020,vs Inter,opponent,29,38,14491,17793,81.4,282791,89099,5970,6645,89.8,6022,6946,86.7,2232,3545,63,24,25.8,-1.8,323,980,280,83,1036
Serie A,M,ITA,2020,vs Juventus,opponent,30,38,13641,16834,81,268960,83807,5623,6255,89.9,5595,6419,87.2,2159,3493,61.8,26,25.4,0.6,336,835,253,81,964
Serie A,M,ITA,2020,vs Lazio,opponent,27,38,16002,19208,83.3,307927,96718,6605,7344,89.9,6760,7639,88.5,2330,3511,66.4,28,32.8,-4.8,387,1106,312,73,1274
Serie A,M,ITA,2020,vs Lecce,opponent,30,38,17952,21278,84.4,343727,109593,7328,8053,91,7842,8746,89.7,2446,3744,65.3,51,57.2,-6.2,519,1442,446,116,1587
Serie A,M,ITA,2020,vs Milan,opponent,32,38,13335,16938,78.7,261078,89521,5420,6130,88.4,5657,6651,85.1,1990,3411,58.3,27,26.3,0.7,314,926,242,63,1119
Serie A,M,ITA,2020,vs Napoli,opponent,25,38,13763,16891,81.5,268098,88962,5464,6120,89.3,6086,6871,88.6,1960,3268,60,33,23.7,9.3,303,832,242,76,951
Serie A,M,ITA,2020,vs Parma,opponent,25,38,17053,20432,83.5,327457,104803,6930,7743,89.5,7413,8361,88.7,2386,3586,66.5,38,41.4,-3.4,518,1371,444,119,1584
Serie A,M,ITA,2020,vs Roma,opponent,31,38,14102,17392,81.1,277327,92049,5558,6165,90.2,6274,7156,87.7,2022,3429,59,33,30.5,2.5,322,855,240,52,1054
Serie A,M,ITA,2020,vs Sampdoria,opponent,31,38,17562,21281,82.5,342419,104526,6893,7648,90.1,7934,8990,88.3,2467,3921,62.9,41,33.4,7.6,359,1211,344,104,1438
Serie A,M,ITA,2020,vs Sassuolo,opponent,31,38,12952,16170,80.1,254869,90969,5102,5784,88.2,5707,6582,86.7,1906,3140,60.7,40,42.4,-2.4,389,909,326,101,1173
Serie A,M,ITA,2020,vs SPAL,opponent,34,38,15759,19172,82.2,308358,98872,6323,7010,90.2,6820,7777,87.7,2344,3750,62.5,48,47.2,0.8,473,1183,362,109,1390
Serie A,M,ITA,2020,vs Torino,opponent,27,38,14302,18054,79.2,280111,98930,5774,6604,87.4,6040,7126,84.8,2208,3582,61.6,41,41.8,-0.8,448,1082,356,82,1313
Serie A,M,ITA,2020,vs Udinese,opponent,25,38,17706,21180,83.6,346206,105976,7030,7783,90.3,7654,8655,88.4,2681,3952,67.8,29,33.1,-4.1,420,1462,360,90,1525
Serie A,M,ITA,2019,Atalanta,team,27,38,18178,22052,82.4,345298,110648,7446,8452,88.1,8140,9284,87.7,2343,3658,64.1,60,50.1,9.9,493,1326,474,100,1690
Serie A,M,ITA,2019,Bologna,team,29,38,12116,16034,75.6,244448,93105,4699,5479,85.8,5218,6375,81.9,2021,3599,56.2,35,30.7,4.3,344,970,265,90,1179
Serie A,M,ITA,2019,Cagliari,team,30,38,14565,18872,77.2,286422,107492,6080,6993,86.9,5912,7115,83.1,2332,4103,56.8,27,27.4,-0.4,306,1006,310,87,1238
Serie A,M,ITA,2019,Chievo,team,36,38,12555,16534,75.9,256489,95611,4731,5522,85.7,5503,6641,82.9,2158,3831,56.3,17,23,-6,284,908,253,101,1082
Serie A,M,ITA,2019,Empoli,team,29,38,14685,18406,79.8,291865,99453,5623,6392,88,6660,7731,86.1,2234,3739,59.7,36,33.9,2.1,323,1207,340,63,1389
Serie A,M,ITA,2019,Fiorentina,team,27,38,13356,17251,77.4,273975,93697,4655,5517,84.4,6388,7498,85.2,2159,3752,57.5,24,33.7,-9.7,425,1092,312,89,1374
Serie A,M,ITA,2019,Frosinone,team,33,38,11524,15516,74.3,231244,86911,4456,5238,85.1,5035,6053,83.2,1856,3665,50.6,21,24.7,-3.7,310,788,249,124,991
Serie A,M,ITA,2019,Genoa,team,31,38,11178,15296,73.1,228852,87714,4358,5182,84.1,4764,5839,81.6,1905,3784,50.3,26,27.2,-1.2,365,986,330,96,1163
Serie A,M,ITA,2019,Inter,team,23,38,19559,23407,83.6,377028,119426,7867,8732,90.1,8682,9878,87.9,2776,4169,66.6,36,44.4,-8.4,471,1487,451,160,1596
Serie A,M,ITA,2019,Juventus,team,31,38,18393,21842,84.2,371028,109670,7003,7778,90,8243,9197,89.6,2976,4328,68.8,44,37,7,453,1427,397,125,1431
Serie A,M,ITA,2019,Lazio,team,30,38,15879,19761,80.4,301275,105137,6814,7747,88,6546,7692,85.1,2250,3655,61.6,35,38.9,-3.9,465,1305,415,90,1596
Serie A,M,ITA,2019,Milan,team,23,38,17532,20973,83.6,341010,110685,6891,7627,90.4,8042,9020,89.2,2414,3785,63.8,35,34.8,0.2,445,1318,383,103,1477
Serie A,M,ITA,2019,Napoli,team,26,38,21121,24768,85.3,395686,119057,9236,10175,90.8,8828,9808,90,2802,4160,67.4,54,53.8,0.2,554,1773,442,91,1834
Serie A,M,ITA,2019,Parma,team,31,38,9996,13626,73.4,211889,84907,3681,4382,84,4286,5259,81.5,1892,3491,54.2,22,22.4,-0.4,235,775,178,44,935
Serie A,M,ITA,2019,Roma,team,26,38,15367,19067,80.6,304684,112087,6080,6880,88.4,6711,7821,85.8,2403,3826,62.8,41,43.3,-2.3,467,1251,384,119,1544
Serie A,M,ITA,2019,Sampdoria,team,24,38,17188,21150,81.3,311279,105050,7657,8618,88.8,7207,8351,86.3,2046,3460,59.1,41,31.8,9.2,329,1266,359,91,1523
Serie A,M,ITA,2019,Sassuolo,team,29,38,16500,20036,82.4,311173,101495,6879,7682,89.5,7250,8228,88.1,2143,3510,61.1,33,31,2,357,1171,278,67,1249
Serie A,M,ITA,2019,SPAL,team,28,38,14319,17861,80.2,268760,96183,6299,7065,89.2,5935,6889,86.2,1914,3359,57,30,23.4,6.6,334,926,255,119,1040
Serie A,M,ITA,2019,Torino,team,25,38,12929,17023,76,264002,94180,4905,5758,85.2,5502,6711,82,2254,3889,58,31,33.7,-2.7,374,942,328,123,1164
Serie A,M,ITA,2019,Udinese,team,32,38,11292,14879,75.9,229439,84279,4417,5167,85.5,4788,5791,82.7,1916,3402,56.3,30,27.2,2.8,337,774,237,76,994
Serie A,M,ITA,2019,vs Atalanta,opponent,27,38,12439,16475,75.5,243932,93967,5167,6004,86.1,5085,6216,81.8,1978,3641,54.3,28,27.5,0.5,287,930,237,85,1128
Serie A,M,ITA,2019,vs Bologna,opponent,29,38,15967,19818,80.6,318828,108121,6208,7056,88,7073,8221,86,2516,3989,63.1,40,30.8,9.2,394,1321,334,90,1453
Serie A,M,ITA,2019,vs Cagliari,opponent,30,38,15005,18999,79,305537,103947,5672,6527,86.9,6600,7717,85.5,2536,4167,60.9,34,38.2,-4.2,438,1129,395,127,1347
Serie A,M,ITA,2019,vs Chievo,opponent,36,38,17776,21845,81.4,350781,113946,6963,7923,87.9,7900,9072,87.1,2684,4233,63.4,54,44.1,9.9,425,1314,394,96,1543
Serie A,M,ITA,2019,vs Empoli,opponent,29,38,16604,20123,82.5,319399,108249,6717,7458,90.1,7338,8359,87.8,2334,3750,62.2,51,42.5,8.5,477,1343,383,118,1541
Serie A,M,ITA,2019,vs Fiorentina,opponent,27,38,12954,17080,75.8,249961,93565,5379,6238,86.2,5466,6703,81.5,1922,3558,54,32,28.6,3.4,322,947,258,77,1212
Serie A,M,ITA,2019,vs Frosinone,opponent,33,38,18544,22326,83.1,350074,112125,7836,8775,89.3,8025,9145,87.8,2452,3828,64.1,50,43.6,6.4,473,1428,399,89,1602
Serie A,M,ITA,2019,vs Genoa,opponent,31,38,16294,20254,80.4,324016,110510,6209,7123,87.2,7361,8523,86.4,2517,4055,62.1,40,35.8,4.2,379,1207,367,113,1404
Serie A,M,ITA,2019,vs Inter,opponent,23,38,12307,15839,77.7,247854,89190,4831,5530,87.4,5368,6329,84.8,1947,3467,56.2,22,26.2,-4.2,308,842,286,103,1093
Serie A,M,ITA,2019,vs Juventus,opponent,31,38,13735,17202,79.8,260296,88724,5986,6700,89.3,5712,6674,85.6,1857,3292,56.4,19,23.3,-4.3,308,1007,227,70,1060
Serie A,M,ITA,2019,vs Lazio,opponent,30,38,15329,19136,80.1,296504,97824,6258,7082,88.4,6613,7707,85.8,2256,3773,59.8,25,27.3,-2.3,327,1048,265,77,1228
Serie A,M,ITA,2019,vs Milan,opponent,23,38,14355,17863,80.4,278651,97144,5834,6592,88.5,6293,7218,87.2,2005,3433,58.4,21,28,-7,345,1138,315,97,1284
Serie A,M,ITA,2019,vs Napoli,opponent,26,38,13859,17352,79.9,270409,102440,5763,6478,89,5883,6902,85.2,2043,3459,59.1,28,23.6,4.4,315,872,275,100,1087
Serie A,M,ITA,2019,vs Parma,opponent,31,38,18652,22492,82.9,357071,112950,7470,8404,88.9,8446,9534,88.6,2498,3934,63.5,38,43.3,-5.3,564,1658,498,137,1841
Serie A,M,ITA,2019,vs Roma,opponent,26,38,14378,18230,78.9,273550,95694,6068,6805,89.2,6139,7240,84.8,1953,3619,54,34,36.7,-2.7,408,967,314,91,1214
Serie A,M,ITA,2019,vs Sampdoria,opponent,24,38,13443,17316,77.6,278293,92110,5112,5939,86.1,5723,6741,84.9,2422,4087,59.3,27,33.5,-6.5,366,958,343,120,1070
Serie A,M,ITA,2019,vs Sassuolo,opponent,29,38,13699,17276,79.3,271854,93703,5351,6144,87.1,5996,6983,85.9,2137,3568,59.9,38,36.9,1.1,352,1078,338,94,1226
Serie A,M,ITA,2019,vs SPAL,opponent,28,38,14097,17737,79.5,281676,98857,5395,6187,87.2,6260,7275,86,2263,3710,61,38,31.7,6.3,397,1176,344,70,1359
Serie A,M,ITA,2019,vs Torino,opponent,25,38,11942,16282,73.3,240222,94002,4758,5751,82.7,4985,6162,80.9,2003,3675,54.5,23,33,-10,349,935,276,84,1167
Serie A,M,ITA,2019,vs Udinese,opponent,32,38,16853,20709,81.4,326938,109719,6800,7670,88.7,7374,8460,87.2,2471,3927,62.9,36,38.1,-2.1,437,1400,392,120,1630
Serie A,M,ITA,2018,Atalanta,team,25,38,16813,20966,80.2,337538,111390,6204,7232,85.8,7730,9016,85.7,2645,4112,64.3,38,43.4,0.6,435,1376,464,93,1700
Serie A,M,ITA,2018,Benevento,team,41,38,14168,17812,79.5,279120,92879,5628,6423,87.6,6292,7265,86.6,2098,3659,57.3,23,27.6,-2.6,339,937,213,76,1040
Serie A,M,ITA,2018,Bologna,team,30,38,13638,17602,77.5,276434,100889,5351,6247,85.7,5733,6803,84.3,2324,3954,58.8,18,23.2,-1.2,239,964,247,60,1136
Serie A,M,ITA,2018,Cagliari,team,29,38,12167,16636,73.1,245407,93621,4898,5855,83.7,5025,6342,79.2,2035,3899,52.2,21,25.4,-2.4,267,989,278,101,1115
Serie A,M,ITA,2018,Chievo,team,25,38,12575,16824,74.7,255651,94911,4867,5752,84.6,5375,6544,82.1,2189,4056,54,20,22.2,5.8,299,960,310,111,1226
Serie A,M,ITA,2018,Crotone,team,29,38,10311,14840,69.5,208395,86869,4019,5025,80,4464,5706,78.2,1656,3558,46.5,21,24,2,256,884,234,74,1111
Serie A,M,ITA,2018,Fiorentina,team,27,38,15290,19375,78.9,300312,104764,5672,6639,85.4,7266,8405,86.4,2158,3796,56.8,32,37.2,-3.2,463,1200,350,96,1503
Serie A,M,ITA,2018,Genoa,team,33,38,13218,17522,75.4,263512,94545,5238,6195,84.6,5762,6935,83.1,2047,3869,52.9,18,31.8,-10.8,313,992,306,79,1264
Serie A,M,ITA,2018,Hellas Verona,team,32,38,11493,15515,74.1,233720,85245,4685,5591,83.8,4661,5722,81.5,1959,3679,53.2,19,20.6,-4.6,237,763,192,64,944
Serie A,M,ITA,2018,Inter,team,22,38,18750,22639,82.8,348644,115080,8128,9077,89.5,7957,9135,87.1,2405,3811,63.1,34,44.5,-2.5,448,1423,388,120,1488
Serie A,M,ITA,2018,Juventus,team,24,38,20058,23398,85.7,408358,115305,7245,8105,89.4,9361,10334,90.6,3262,4447,73.4,39,38.2,23.8,410,1429,340,110,1466
Serie A,M,ITA,2018,Lazio,team,24,38,16308,20211,80.7,317283,110399,6506,7524,86.5,7166,8276,86.6,2376,3758,63.2,51,42.3,22.7,438,1393,397,89,1643
Serie A,M,ITA,2018,Milan,team,23,38,17744,21543,82.4,350431,112992,6839,7723,88.6,8115,9226,88,2626,4110,63.9,28,36.6,-0.6,458,1456,380,114,1593
Serie A,M,ITA,2018,Napoli,team,23,38,24985,29004,86.1,425699,132297,12878,14051,91.7,9018,10227,88.2,2679,3945,67.9,45,48.4,0.6,526,2095,465,85,2068
Serie A,M,ITA,2018,Roma,team,27,38,17296,21399,80.8,346453,119630,6494,7521,86.3,7857,9059,86.7,2769,4306,64.3,37,48.9,-4.9,492,1581,444,138,1812
Serie A,M,ITA,2018,Sampdoria,team,27,38,16148,20144,80.2,300242,103556,6985,7924,88.1,6817,7916,86.1,2062,3673,56.1,33,32.8,0.2,317,1183,345,67,1496
Serie A,M,ITA,2018,Sassuolo,team,28,38,11497,15749,73,237238,92359,4326,5256,82.3,4939,6124,80.6,2049,3852,53.2,16,29.3,-13.3,360,1039,258,92,1242
Serie A,M,ITA,2018,SPAL,team,29,38,12214,16025,76.2,244256,85676,4790,5578,85.9,5274,6290,83.8,1957,3620,54.1,14,20,-1,248,852,216,65,1051
Serie A,M,ITA,2018,Torino,team,27,38,14425,18316,78.8,285051,97128,5647,6531,86.5,6306,7434,84.8,2235,3723,60,36,34.5,5.5,341,971,307,75,1214
Serie A,M,ITA,2018,Udinese,team,27,38,12619,16647,75.8,257575,94228,4682,5536,84.6,5694,6838,83.3,2113,3824,55.3,27,29.8,-0.8,333,927,265,79,1193
Serie A,M,ITA,2018,vs Atalanta,opponent,25,38,12845,17077,75.2,255126,101382,5076,6009,84.5,5553,6769,82,2010,3722,54,29,26.9,2.1,296,997,243,71,1257
Serie A,M,ITA,2018,vs Benevento,opponent,41,38,16154,19853,81.4,313987,105878,6505,7382,88.1,7086,8182,86.6,2349,3764,62.4,61,48.6,12.4,432,1418,406,102,1559
Serie A,M,ITA,2018,vs Bologna,opponent,30,38,15920,19917,79.9,313604,105035,6124,7041,87,7230,8332,86.8,2359,3932,60,36,38.7,-2.7,381,1404,390,112,1496
Serie A,M,ITA,2018,vs Cagliari,opponent,29,38,16287,20443,79.7,321706,109874,6482,7462,86.9,6996,8156,85.8,2594,4249,61,42,38.7,3.3,406,1250,392,97,1517
Serie A,M,ITA,2018,vs Chievo,opponent,25,38,17047,21257,80.2,334563,106920,6933,7927,87.5,7275,8462,86,2619,4294,61,34,37.2,-3.2,432,1286,380,97,1484
Serie A,M,ITA,2018,vs Crotone,opponent,29,38,18027,22590,79.8,347713,117978,7256,8394,86.4,8050,9367,85.9,2489,4228,58.9,46,38.7,7.3,434,1474,385,94,1677
Serie A,M,ITA,2018,vs Fiorentina,opponent,27,38,13376,17582,76.1,264199,97585,5458,6418,85,5581,6751,82.7,2125,3805,55.8,33,30.1,2.9,284,1079,276,78,1265
Serie A,M,ITA,2018,vs Genoa,opponent,33,38,16570,20686,80.1,326627,113646,6430,7476,86,7381,8616,85.7,2526,4014,62.9,30,32.3,-2.3,376,1287,322,100,1625
Serie A,M,ITA,2018,vs Hellas Verona,opponent,32,38,17670,21729,81.3,339806,114464,7171,8155,87.9,7824,9088,86.1,2448,3934,62.2,52,52.8,-0.8,541,1502,486,131,1803
Serie A,M,ITA,2018,vs Inter,opponent,22,38,13632,17300,78.8,278246,99203,5227,5982,87.4,5918,6956,85.1,2328,3900,59.7,20,26.3,-6.3,317,1070,295,96,1206
Serie A,M,ITA,2018,vs Juventus,opponent,24,38,14034,17564,79.9,266706,82325,5923,6717,88.2,6057,7029,86.2,1879,3348,56.1,13,15.8,-2.8,217,1088,224,65,1038
Serie A,M,ITA,2018,vs Lazio,opponent,24,38,15633,19496,80.2,299718,98184,6585,7512,87.7,6606,7703,85.8,2230,3735,59.7,23,25.8,-2.8,312,1148,284,76,1344
Serie A,M,ITA,2018,vs Milan,opponent,23,38,13328,17032,78.3,261894,91950,5246,6118,85.7,5989,7045,85,1921,3397,56.5,30,25.8,4.2,313,1017,260,76,1170
Serie A,M,ITA,2018,vs Napoli,opponent,23,38,12910,16799,76.8,262948,94947,4964,5791,85.7,5569,6578,84.7,2174,3877,56.1,19,17.1,1.9,238,709,188,59,891
Serie A,M,ITA,2018,vs Roma,opponent,27,38,11576,15683,73.8,223480,85868,5031,5875,85.6,4755,5860,81.1,1644,3537,46.5,22,25.6,-3.6,301,859,222,72,971
Serie A,M,ITA,2018,vs Sampdoria,opponent,27,38,13587,17613,77.1,280976,98798,5275,6237,84.6,5700,6726,84.7,2425,4062,59.7,41,42.9,-1.9,410,905,360,124,1161
Serie A,M,ITA,2018,vs Sassuolo,opponent,28,38,16719,21073,79.3,322856,110873,6746,7781,86.7,7354,8625,85.3,2381,4050,58.8,38,33.9,4.1,353,1232,319,83,1410
Serie A,M,ITA,2018,vs SPAL,opponent,29,38,16152,19890,81.2,309103,103417,6658,7581,87.8,6916,8022,86.2,2324,3713,62.6,33,36.7,-3.7,426,1314,367,88,1633
Serie A,M,ITA,2018,vs Torino,opponent,27,38,13646,17794,76.7,272948,96949,5277,6198,85.1,5895,7060,83.5,2245,3947,56.9,31,34.1,-3.1,370,1067,290,87,1262
Serie A,M,ITA,2018,vs Udinese,opponent,27,38,16604,20789,79.9,325113,108487,6715,7729,86.9,7077,8270,85.6,2574,4143,62.1,41,32.3,8.7,380,1308,310,80,1536
